DBID2,SMILES,Molecular Formula,Molecular Weight,IUPAC Name
DB03128,CC(=O)OCC[N+](C)(C)C,C7H16NO2+,146.21,2-acetyloxyethyl(trimethyl)azanium
DB08838,C(CCN=C(N)N)CN,C5H14N4,130.19,2-(4-aminobutyl)guanidine
DB06770,C1=CC=C(C=C1)CO,C7H8O,108.14,phenylmethanol
DB06756,C[N+](C)(C)CC(=O)[O-],C5H11NO2,117.15,2-(trimethylazaniumyl)acetate
DB14577,[Ca+2],Ca+2,40.08,calcium(2+)
DB00936,C1=CC=C(C(=C1)C(=O)O)O,C7H6O3,138.12,2-hydroxybenzoic acid
DB01156,CC(C(=O)C1=CC(=CC=C1)Cl)NC(C)(C)C,C13H18ClNO,239.74,2-(tert-butylamino)-1-(3-chlorophenyl)propan-1-one
DB01093,CS(=O)C,C2H6OS,78.14,methylsulfinylmethane
DB00988,C1=CC(=C(C=C1CCN)O)O,C8H11NO2,153.18,"4-(2-aminoethyl)benzene-1,2-diol"
DB00898,CCO,C2H6O,46.07,ethanol
DB02377,C1=NC2=C(N1)C(=O)NC(=N2)N,C5H5N5O,151.13,"2-amino-1,7-dihydropurin-6-one"
DB04076,C1=NC2=C(N1)C(=O)NC=N2,C5H4N4O,136.11,"1,7-dihydropurin-6-one"
DB00627,C1=CC(=CN=C1)C(=O)O,C6H5NO2,123.11,pyridine-3-carboxylic acid
DB06690,[N-]=[N+]=O,N2O,44.013,nitrous oxide
DB08844,C12=C(NC(=O)N1)NC(=O)NC2=O,C5H4N4O3,168.11,"7,9-dihydro-3H-purine-2,6,8-trione"
DB02134,C1=NC2=C(N1)C(=O)NC(=O)N2,C5H4N4O2,152.11,"3,7-dihydropurine-2,6-dione"
DB12923,CC(C)C(CCCN(C)CCC1=CC(=C(C=C1)OC)OC)(C#N)C2=CC(=C(C(=C2)OC)OC)OC,C28H40N2O5,484.6,"5-[2-(3,4-dimethoxyphenyl)ethyl-methylamino]-2-propan-2-yl-2-(3,4,5-trimethoxyphenyl)pentanenitrile"
DB02365,C1=CC2=C(C3=C(C=CC=N3)C=C2)N=C1,C12H8N2,180.20,"1,10-phenanthroline"
DB01509,CC(CC1=CC2=C(C=C1)OCO2)N,C10H13NO2,179.22,"1-(1,3-benzodioxol-5-yl)propan-2-amine"
DB01454,CC(CC1=CC2=C(C=C1)OCO2)NC,C11H15NO2,193.24,"1-(1,3-benzodioxol-5-yl)-N-methylpropan-2-amine"
DB00252,C1=CC=C(C=C1)C2(C(=O)NC(=O)N2)C3=CC=CC=C3,C15H12N2O2,252.27,"5,5-diphenylimidazolidine-2,4-dione"
DB14010,CN(C)CCC1=CNC2=C1C=C(C=C2)OC,C13H18N2O,218.29,"2-(5-methoxy-1H-indol-3-yl)-N,N-dimethylethanamine"
DB00382,C1CCC2=NC3=CC=CC=C3C(=C2C1)N,C13H14N2,198.26,"1,2,3,4-tetrahydroacridin-9-amine"
DB01193,CCCC(=O)NC1=CC(=C(C=C1)OCC(CNC(C)C)O)C(=O)C,C18H28N2O4,336.4,N-[3-acetyl-4-[2-hydroxy-3-(propan-2-ylamino)propoxy]phenyl]butanamide
DB13783,CC1=C(C2=C(N1C(=O)C3=CC=C(C=C3)Cl)C=CC(=C2)OC)CC(=O)OCC(=O)O,C21H18ClNO6,415.8,2-[2-[1-(4-chlorobenzoyl)-5-methoxy-2-methylindol-3-yl]acetyl]oxyacetic acid
DB00316,CC(=O)NC1=CC=C(C=C1)O,C8H9NO2,151.16,N-(4-hydroxyphenyl)acetamide
DB00414,CC(=O)C1=CC=C(C=C1)S(=O)(=O)NC(=O)NC2CCCCC2,C15H20N2O4S,324.4,1-(4-acetylphenyl)sulfonyl-3-cyclohexylurea
DB06709,CC(C[N+](C)(C)C)OC(=O)C,C8H18NO2+,160.23,2-acetyloxypropyl(trimethyl)azanium
DB13233,CC(C(=O)OC(C)(C)CC1=CC=C(C=C1)Cl)N,C13H18ClNO2,255.74,[1-(4-chlorophenyl)-2-methylpropan-2-yl] 2-aminopropanoate
DB01001,CC(C)(C)NCC(C1=CC(=C(C=C1)O)CO)O,C13H21NO3,239.31,4-[2-(tert-butylamino)-1-hydroxyethyl]-2-(hydroxymethyl)phenol
DB00346,CN(CCCNC(=O)C1CCCO1)C2=NC3=CC(=C(C=C3C(=N2)N)OC)OC,C19H27N5O4,389.4,"N-[3-[(4-amino-6,7-dimethoxyquinazolin-2-yl)-methylamino]propyl]oxolane-2-carboxamide"
DB13314,CC(C1=CC=C(C=C1)NCC(=C)C)C(=O)O,C13H17NO2,219.28,2-[4-(2-methylprop-2-enylamino)phenyl]propanoic acid
DB00866,CC(C)NCC(COC1=CC=CC=C1CC=C)O,C15H23NO2,249.35,1-(propan-2-ylamino)-3-(2-prop-2-enylphenoxy)propan-2-ol
DB01122,CC[N+](CC)(CCNC(=O)C(=O)NCC[N+](CC)(CC)CC1=CC=CC=C1Cl)CC2=CC=CC=C2Cl,C28H42Cl2N4O2+2,537.6,(2-chlorophenyl)methyl-[2-[[2-[2-[(2-chlorophenyl)methyl-diethylazaniumyl]ethylamino]-2-oxoacetyl]amino]ethyl]-diethylazanium
DB01143,C(CN)CNCCSP(=O)(O)O,C5H15N2O3PS,214.23,2-(3-aminopropylamino)ethylsulfanylphosphonic acid
DB00277,CN1C2=C(C(=O)N(C1=O)C)NC=N2,C7H8N4O2,180.16,"1,3-dimethyl-7H-purine-2,6-dione"
DB01118,CCCCC1=C(C2=CC=CC=C2O1)C(=O)C3=CC(=C(C(=C3)I)OCCN(CC)CC)I,C25H29I2NO3,645.3,"(2-butyl-1-benzofuran-3-yl)-[4-[2-(diethylamino)ethoxy]-3,5-diiodophenyl]methanone"
DB00321,CN(C)CCC=C1C2=CC=CC=C2CCC3=CC=CC=C31,C20H23N,277.4,"N,N-dimethyl-3-(2-tricyclo[9.4.0.03,8]pentadeca-1(15),3,5,7,11,13-hexaenylidene)propan-1-amine"
DB00381,CCOC(=O)C1=C(NC(=C(C1C2=CC=CC=C2Cl)C(=O)OC)C)COCCN,C20H25ClN2O5,408.9,"3-O-ethyl 5-O-methyl 2-(2-aminoethoxymethyl)-4-(2-chlorophenyl)-6-methyl-1,4-dihydropyridine-3,5-dicarboxylate"
DB01351,CCC1(C(=O)NC(=O)NC1=O)CCC(C)C,C11H18N2O3,226.27,"5-ethyl-5-(3-methylbutyl)-1,3-diazinane-2,4,6-trione"
DB00613,CCN(CC)CC1=C(C=CC(=C1)NC2=C3C=CC(=CC3=NC=C2)Cl)O,C20H22ClN3O,355.9,4-[(7-chloroquinolin-4-yl)amino]-2-(diethylaminomethyl)phenol
DB00543,C1CN(CCN1)C2=NC3=CC=CC=C3OC4=C2C=C(C=C4)Cl,C17H16ClN3O,313.8,"8-chloro-6-piperazin-1-ylbenzo[b][1,4]benzoxazepine"
DB01435,CC1=CC(=O)N(N1C)C2=CC=CC=C2,C11H12N2O,188.23,"1,5-dimethyl-2-phenylpyrazol-3-one"
DB01429,CCN(CC)CCCN(C1CC2=CC=CC=C2C1)C3=CC=CC=C3,C22H30N2,322.5,"N'-(2,3-dihydro-1H-inden-2-yl)-N,N-diethyl-N'-phenylpropane-1,3-diamine"
DB09229,CC1=C(C(C(=C(N1)C)C(=O)OCC(=O)C)C2=CC=CC=C2[N+](=O)[O-])C(=O)OC,C19H20N2O7,388.4,"3-O-methyl 5-O-(2-oxopropyl) 2,6-dimethyl-4-(2-nitrophenyl)-1,4-dihydropyridine-3,5-dicarboxylate"
DB04365,CN1CCC=C(C1)C(=O)OC,C8H13NO2,155.19,"methyl 1-methyl-3,6-dihydro-2H-pyridine-5-carboxylate"
DB09204,CC(C)(C)NCC(CSC1=NC(=CS1)C2=CC=C(S2)C(=O)N)O,C15H21N3O2S3,371.5,"5-[2-[3-(tert-butylamino)-2-hydroxypropyl]sulfanyl-1,3-thiazol-4-yl]thiophene-2-carboxamide"
DB00945,CC(=O)OC1=CC=CC=C1C(=O)O,C9H8O4,180.16,2-acetyloxybenzoic acid
DB00637,COC1=CC=C(C=C1)CCN2CCC(CC2)NC3=NC4=CC=CC=C4N3CC5=CC=C(C=C5)F,C28H31FN4O,458.6,1-[(4-fluorophenyl)methyl]-N-[1-[2-(4-methoxyphenyl)ethyl]piperidin-4-yl]benzimidazol-2-amine
DB00972,CN1CCCC(CC1)N2C(=O)C3=CC=CC=C3C(=N2)CC4=CC=C(C=C4)Cl,C22H24ClN3O,381.9,4-[(4-chlorophenyl)methyl]-2-(1-methylazepan-4-yl)phthalazin-1-one
DB00181,C1=CC(=CC=C1C(CC(=O)O)CN)Cl,C10H12ClNO2,213.66,4-amino-3-(4-chlorophenyl)butanoic acid
DB01483,CCC1(C(=O)NC(=O)NC1=O)CC,C8H12N2O3,184.19,"5,5-diethyl-1,3-diazinane-2,4,6-trione"
DB13488,CN(C)CCCOC1(CCCCCC1)CC2=CC=CC=C2,C19H31NO,289.5,"3-(1-benzylcycloheptyl)oxy-N,N-dimethylpropan-1-amine"
DB00436,C1=CC=C(C=C1)CC2NC3=C(C=C(C(=C3)C(F)(F)F)S(=O)(=O)N)S(=O)(=O)N2,C15H14F3N3O4S2,421.4,"3-benzyl-1,1-dioxo-6-(trifluoromethyl)-3,4-dihydro-2H-1lambda6,2,4-benzothiadiazine-7-sulfonamide"
DB09022,CC(CC1=CC(=CC=C1)C(F)(F)F)NCCOC(=O)C2=CC=CC=C2,C19H20F3NO2,351.4,2-[1-[3-(trifluoromethyl)phenyl]propan-2-ylamino]ethyl benzoate
DB12319,CCC1=C(C2=CC=CC=C2O1)C(=O)C3=CC(=C(C(=C3)Br)O)Br,C17H12Br2O3,424.1,"(3,5-dibromo-4-hydroxyphenyl)-(2-ethyl-1-benzofuran-3-yl)methanone"
DB01086,CCOC(=O)C1=CC=C(C=C1)N,C9H11NO2,165.19,ethyl 4-aminobenzoate
DB00562,C1=CC=C(C=C1)CSCC2=NS(=O)(=O)C3=CC(=C(C=C3N2)Cl)S(=O)(=O)N,C15H14ClN3O4S3,431.9,"3-(benzylsulfanylmethyl)-6-chloro-1,1-dioxo-4H-1lambda6,2,4-benzothiadiazine-7-sulfonamide"
DB01244,CC(C)COCC(CN(CC1=CC=CC=C1)C2=CC=CC=C2)N3CCCC3,C24H34N2O,366.5,N-benzyl-N-[3-(2-methylpropoxy)-2-pyrrolidin-1-ylpropyl]aniline
DB00217,CNC(=NC)NCC1=CC=CC=C1,C10H15N3,177.25,"1-benzyl-2,3-dimethylguanidine"
DB00195,CC(C)NCC(COC1=CC=C(C=C1)CCOCC2CC2)O,C18H29NO3,307.4,1-[4-[2-(cyclopropylmethoxy)ethyl]phenoxy]-3-(propan-2-ylamino)propan-2-ol
DB01019,CC(C[N+](C)(C)C)OC(=O)N,C7H17N2O2+,161.22,2-carbamoyloxypropyl(trimethyl)azanium
DB01295,CC1=CC(=CC=C1)OCC(CNCCC2=CC(=C(C=C2)OC)OC)O,C20H27NO4,345.4,"1-[2-(3,4-dimethoxyphenyl)ethylamino]-3-(3-methylphenoxy)propan-2-ol"
DB00810,C1CCN(CC1)CCC(C2CC3CC2C=C3)(C4=CC=CC=C4)O,C21H29NO,311.5,1-(2-bicyclo[2.2.1]hept-5-enyl)-1-phenyl-3-piperidin-1-ylpropan-1-ol
DB00612,CC(C)NCC(COC1=CC=C(C=C1)COCCOC(C)C)O,C18H31NO4,325.4,1-(propan-2-ylamino)-3-[4-(2-propan-2-yloxyethoxymethyl)phenoxy]propan-2-ol
DB01158,CC[N+](C)(C)CC1=CC=CC=C1Br,C11H17BrN+,243.16,(2-bromophenyl)methyl-ethyl-dimethylazanium
DB00484,C1CN=C(N1)NC2=C(C3=NC=CN=C3C=C2)Br,C11H10BrN5,292.13,"5-bromo-N-(4,5-dihydro-1H-imidazol-2-yl)quinoxalin-6-amine"
DB13510,COC1=CC(=C(C(=C1)OC)C(=O)CCCN2CCCC2)OC,C17H25NO4,307.4,"4-pyrrolidin-1-yl-1-(2,4,6-trimethoxyphenyl)butan-1-one"
DB04830,CCCCN=C(N)N=C(N)N,C6H15N5,157.22,2-butyl-1-(diaminomethylidene)guanidine
DB00887,CCCCNC1=C(C(=CC(=C1)C(=O)O)S(=O)(=O)N)OC2=CC=CC=C2,C17H20N2O5S,364.4,3-(butylamino)-4-phenoxy-5-sulfamoylbenzoic acid
DB12230,CCCC(=O)N1CCCN(CC1)C2=NC3=CC(=C(C=C3C(=N2)N)OC)OC,C19H27N5O3,373.4,"1-[4-(4-amino-6,7-dimethoxyquinazolin-2-yl)-1,4-diazepan-1-yl]butan-1-one"
DB00297,CCCCN1CCCCC1C(=O)NC2=C(C=CC=C2C)C,C18H28N2O,288.4,"1-butyl-N-(2,6-dimethylphenyl)piperidine-2-carboxamide"
DB08808,CC1=CC(=C(C=C1)Cl)OCC(CNC(C)(C)C)O,C14H22ClNO2,271.78,1-(tert-butylamino)-3-(2-chloro-5-methylphenoxy)propan-2-ol
DB00490,C1CCC2(C1)CC(=O)N(C(=O)C2)CCCCN3CCN(CC3)C4=NC=CC=N4,C21H31N5O2,385.5,"8-[4-(4-pyrimidin-2-ylpiperazin-1-yl)butyl]-8-azaspiro[4.5]decane-7,9-dione"
DB00237,CCC(C)C1(C(=O)NC(=O)NC1=O)CC,C10H16N2O3,212.25,"5-butan-2-yl-5-ethyl-1,3-diazinane-2,4,6-trione"
DB00241,CC(C)CC1(C(=O)NC(=O)NC1=O)CC=C,C11H16N2O3,224.26,"5-(2-methylpropyl)-5-prop-2-enyl-1,3-diazinane-2,4,6-trione"
DB13452,CCN(CC(C)O)C1=NN=C(C=C1)NNC(=O)OCC,C12H21N5O3,283.33,ethyl N-[[6-[ethyl(2-hydroxypropyl)amino]pyridazin-3-yl]amino]carbamate
DB00201,CN1C=NC2=C1C(=O)N(C(=O)N2C)C,C8H10N4O2,194.19,"1,3,7-trimethylpurine-2,6-dione"
DB00661,CC(C)C(CCCN(C)CCC1=CC(=C(C=C1)OC)OC)(C#N)C2=CC(=C(C=C2)OC)OC,C27H38N2O4,454.6,"2-(3,4-dimethoxyphenyl)-5-[2-(3,4-dimethoxyphenyl)ethyl-methylamino]-2-propan-2-ylpentanenitrile"
DB00796,CCOC1=NC2=CC=CC(=C2N1CC3=CC=C(C=C3)C4=CC=CC=C4C5=NNN=N5)C(=O)OC(C)OC(=O)OC6CCCCC6,C33H34N6O6,610.7,1-cyclohexyloxycarbonyloxyethyl 2-ethoxy-3-[[4-[2-(2H-tetrazol-5-yl)phenyl]phenyl]methyl]benzimidazole-4-carboxylate
DB13919,CCOC1=NC2=CC=CC(=C2N1CC3=CC=C(C=C3)C4=CC=CC=C4C5=NNN=N5)C(=O)O,C24H20N6O3,440.5,2-ethoxy-3-[[4-[2-(2H-tetrazol-5-yl)phenyl]phenyl]methyl]benzimidazole-4-carboxylic acid
DB00821,CC(C1=CC2=C(C=C1)C3=C(N2)C=CC(=C3)Cl)C(=O)O,C15H12ClNO2,273.71,2-(6-chloro-9H-carbazol-2-yl)propanoic acid
DB00521,CC(C)(C)NCC(COC1=CC=CC2=C1CCC(=O)N2)O,C16H24N2O3,292.37,"5-[3-(tert-butylamino)-2-hydroxypropoxy]-3,4-dihydro-1H-quinolin-2-one"
DB01136,COC1=CC=CC=C1OCCNCC(COC2=CC=CC3=C2C4=CC=CC=C4N3)O,C24H26N2O4,406.5,1-(9H-carbazol-4-yloxy)-3-[2-(2-methoxyphenoxy)ethylamino]propan-2-ol
DB00482,CC1=CC=C(C=C1)C2=CC(=NN2C3=CC=C(C=C3)S(=O)(=O)N)C(F)(F)F,C17H14F3N3O2S,381.4,4-[5-(4-methylphenyl)-3-(trifluoromethyl)pyrazol-1-yl]benzenesulfonamide
DB04846,CCN(CC)C(=O)NC1=CC(=C(C=C1)OCC(CNC(C)(C)C)O)C(=O)C,C20H33N3O4,379.5,"3-[3-acetyl-4-[3-(tert-butylamino)-2-hydroxypropoxy]phenyl]-1,1-diethylurea"
DB00608,CCN(CC)CCCC(C)NC1=C2C=CC(=CC2=NC=C1)Cl,C18H26ClN3,319.9,"4-N-(7-chloroquinolin-4-yl)-1-N,1-N-diethylpentane-1,4-diamine"
DB00880,C1=C2C(=CC(=C1Cl)S(=O)(=O)N)S(=O)(=O)N=CN2,C7H6ClN3O4S2,295.7,"6-chloro-1,1-dioxo-4H-1lambda6,2,4-benzothiadiazine-7-sulfonamide"
DB01114,CN(C)CCC(C1=CC=C(C=C1)Cl)C2=CC=CC=N2,C16H19ClN2,274.79,"3-(4-chlorophenyl)-N,N-dimethyl-3-pyridin-2-ylpropan-1-amine"
DB00477,CN(C)CCCN1C2=CC=CC=C2SC3=C1C=C(C=C3)Cl,C17H19ClN2S,318.9,"3-(2-chlorophenothiazin-10-yl)-N,N-dimethylpropan-1-amine"
DB00672,CCCNC(=O)NS(=O)(=O)C1=CC=C(C=C1)Cl,C10H13ClN2O3S,276.74,1-(4-chlorophenyl)sulfonyl-3-propylurea
DB00356,C1=CC2=C(C=C1Cl)NC(=O)O2,C7H4ClNO2,169.56,"5-chloro-3H-1,3-benzoxazol-2-one"
DB13358,C1CN=C(N1)C2CC2(C3=CC=CC=C3)C4=CC=CC=C4,C18H18N2,262.3,"2-(2,2-diphenylcyclopropyl)-4,5-dihydro-1H-imidazole"
DB01166,C1CCC(CC1)N2C(=NN=N2)CCCCOC3=CC4=C(C=C3)NC(=O)CC4,C20H27N5O2,369.5,"6-[4-(1-cyclohexyltetrazol-5-yl)butoxy]-3,4-dihydro-1H-quinolin-2-one"
DB00501,CC1=C(N=CN1)CSCCNC(=NC)NC#N,C10H16N6S,252.34,1-cyano-2-methyl-3-[2-[(5-methyl-1H-imidazol-4-yl)methylsulfanyl]ethyl]guanidine
DB00568,C1CN(CCN1CC=CC2=CC=CC=C2)C(C3=CC=CC=C3)C4=CC=CC=C4,C26H28N2,368.5,1-benzhydryl-4-(3-phenylprop-2-enyl)piperazine
DB09202,C1CC1C2=CC=CC=C2OCC3=NCCN3,C13H16N2O,216.28,"2-[(2-cyclopropylphenoxy)methyl]-4,5-dihydro-1H-imidazole"
DB00515,N.N.Cl[Pt+2]Cl,Cl2H6N2Pt+2,300.05,azane;dichloroplatinum(2+)
DB00215,CN(C)CCCC1(C2=C(CO1)C=C(C=C2)C#N)C3=CC=C(C=C3)F,C20H21FN2O,324.4,1-[3-(dimethylamino)propyl]-1-(4-fluorophenyl)-3H-2-benzofuran-5-carbonitrile
DB01407,CC(C)(C)NCC(C1=CC(=C(C(=C1)Cl)N)Cl)O,C12H18Cl2N2O,277.19,"1-(4-amino-3,5-dichlorophenyl)-2-(tert-butylamino)ethanol"
DB00349,CN1C(=O)CC(=O)N(C2=C1C=CC(=C2)Cl)C3=CC=CC=C3,C16H13ClN2O2,300.74,"7-chloro-1-methyl-5-phenyl-1,5-benzodiazepine-2,4-dione"
DB01242,CN(C)CCCN1C2=CC=CC=C2CCC3=C1C=C(C=C3)Cl,C19H23ClN2,314.9,"3-(2-chloro-5,6-dihydrobenzo[b][1]benzazepin-11-yl)-N,N-dimethylpropan-1-amine"
DB00575,C1CN=C(N1)NC2=C(C=CC=C2Cl)Cl,C9H9Cl2N3,230.09,"N-(2,6-dichlorophenyl)-4,5-dihydro-1H-imidazol-2-amine"
DB00363,CN1CCN(CC1)C2=NC3=C(C=CC(=C3)Cl)NC4=CC=CC=C42,C18H19ClN4,326.8,"3-chloro-6-(4-methylpiperazin-1-yl)-11H-benzo[b][1,4]benzodiazepine"
DB11390,CCOP(=S)(OCC)OC1=CC2=C(C=C1)C(=C(C(=O)O2)Cl)C,C14H16ClO5PS,362.8,3-chloro-7-diethoxyphosphinothioyloxy-4-methylchromen-2-one
DB04838,CC1CC(CC(C1)(C)C)OC(=O)C(C2=CC=CC=C2)O,C17H24O3,276.4,"(3,3,5-trimethylcyclohexyl) 2-hydroxy-2-phenylacetate"
DB13532,C1CCC(C1)CC2NC3=CC(=C(C=C3S(=O)(=O)N2)S(=O)(=O)N)Cl,C13H18ClN3O4S2,379.9,"6-chloro-3-(cyclopentylmethyl)-1,1-dioxo-3,4-dihydro-2H-1lambda6,2,4-benzothiadiazine-7-sulfonamide"
DB00606,C1C2CC(C1C=C2)C3NC4=CC(=C(C=C4S(=O)(=O)N3)S(=O)(=O)N)Cl,C14H16ClN3O4S2,389.9,"3-(2-bicyclo[2.2.1]hept-5-enyl)-6-chloro-1,1-dioxo-3,4-dihydro-2H-1lambda6,2,4-benzothiadiazine-7-sulfonamide"
DB04840,C1CN(CC2=CC=CC=C21)C(=N)N,C10H13N3,175.23,"3,4-dihydro-1H-isoquinoline-2-carboximidamide"
DB01245,C[N+](C)(C)CCCCCCCCCC[N+](C)(C)C,C16H38N2+2,258.49,trimethyl-[10-(trimethylazaniumyl)decyl]azanium
DB01151,CNCCCN1C2=CC=CC=C2CCC3=CC=CC=C31,C18H22N2,266.4,"3-(5,6-dihydrobenzo[b][1]benzazepin-11-yl)-N-methylpropan-1-amine"
DB00182,CC(CC1=CC=CC=C1)N,C9H13N,135.21,1-phenylpropan-2-amine
DB01119,CC1=NS(=O)(=O)C2=C(N1)C=CC(=C2)Cl,C8H7ClN2O2S,230.67,"7-chloro-3-methyl-4H-1lambda6,2,4-benzothiadiazine 1,1-dioxide"
DB00527,CCCCOC1=NC2=CC=CC=C2C(=C1)C(=O)NCCN(CC)CC,C20H29N3O2,343.5,2-butoxy-N-[2-(diethylamino)ethyl]quinoline-4-carboxamide
DB00586,C1=CC=C(C(=C1)CC(=O)O)NC2=C(C=CC=C2Cl)Cl,C14H11Cl2NO2,296.1,"2-[2-(2,6-dichloroanilino)phenyl]acetic acid"
DB01144,C1=C(C=C(C(=C1S(=O)(=O)N)Cl)Cl)S(=O)(=O)N,C6H6Cl2N2O4S2,305.2,"4,5-dichlorobenzene-1,3-disulfonamide"
DB11397,COP(=O)(OC)OC=C(Cl)Cl,C4H7Cl2O4P,220.97,"2,2-dichloroethenyl dimethyl phosphate"
DB00711,CCN(CC)C(=O)N1CCN(CC1)C,C10H21N3O,199.29,"N,N-diethyl-4-methylpiperazine-1-carboxamide"
DB00255,CC/C(=C(/CC)\C1=CC=C(C=C1)O)/C2=CC=C(C=C2)O,C18H20O2,268.3,4-[(E)-4-(4-hydroxyphenyl)hex-3-en-3-yl]phenol
DB00861,C1=CC(=C(C=C1C2=C(C=C(C=C2)F)F)C(=O)O)O,C13H8F2O3,250.20,"5-(2,4-difluorophenyl)-2-hydroxybenzoic acid"
DB01075,CN(C)CCOC(C1=CC=CC=C1)C2=CC=CC=C2,C17H21NO,255.35,"2-benzhydryloxy-N,N-dimethylethanamine"
DB00975,C1CCN(CC1)C2=NC(=NC3=C2N=C(N=C3N4CCCCC4)N(CCO)CCO)N(CCO)CCO,C24H40N8O4,504.6,"2-[[2-[bis(2-hydroxyethyl)amino]-4,8-di(piperidin-1-yl)pyrimido[5,4-d]pyrimidin-6-yl]-(2-hydroxyethyl)amino]ethanol"
DB00280,CC(C)N(CCC(C1=CC=CC=C1)(C2=CC=CC=N2)C(=O)N)C(C)C,C21H29N3O,339.5,4-[di(propan-2-yl)amino]-2-phenyl-2-pyridin-2-ylbutanamide
DB13694,C[N+]1=CC=CC(=C1)OC(=O)N(C)CCCCCCN(C)C(=O)OC2=C[N+](=CC=C2)C,C22H32N4O4+2,416.5,(1-methylpyridin-1-ium-3-yl) N-methyl-N-[6-[methyl-(1-methylpyridin-1-ium-3-yl)oxycarbonylamino]hexyl]carbamate
DB00822,CCN(CC)C(=S)SSC(=S)N(CC)CC,C10H20N2S4,296.5,"diethylcarbamothioylsulfanyl N,N-diethylcarbamodithioate"
DB01184,C1CN(CCC1N2C3=C(C=C(C=C3)Cl)NC2=O)CCCN4C5=CC=CC=C5NC4=O,C22H24ClN5O2,425.9,6-chloro-3-[1-[3-(2-oxo-3H-benzimidazol-1-yl)propyl]piperidin-4-yl]-1H-benzimidazol-2-one
DB00843,COC1=C(C=C2C(=C1)CC(C2=O)CC3CCN(CC3)CC4=CC=CC=C4)OC,C24H29NO3,379.5,"2-[(1-benzylpiperidin-4-yl)methyl]-5,6-dimethoxy-2,3-dihydroinden-1-one"
DB00561,CCN1CC(C(C1=O)(C2=CC=CC=C2)C3=CC=CC=C3)CCN4CCOCC4,C24H30N2O2,378.5,"1-ethyl-4-(2-morpholin-4-ylethyl)-3,3-diphenylpyrrolidin-2-one"
DB00590,COC1=C(C=C2C(=C1)C(=NC(=N2)N3CCN(CC3)C(=O)C4COC5=CC=CC=C5O4)N)OC,C23H25N5O5,451.5,"[4-(4-amino-6,7-dimethoxyquinazolin-2-yl)piperazin-1-yl]-(2,3-dihydro-1,4-benzodioxin-3-yl)methanone"
DB00450,C1CN(CC=C1N2C3=CC=CC=C3NC2=O)CCCC(=O)C4=CC=C(C=C4)F,C22H22FN3O2,379.4,"3-[1-[4-(4-fluorophenyl)-4-oxobutyl]-3,6-dihydro-2H-pyridin-4-yl]-1H-benzimidazol-2-one"
DB00651,CN1C2=C(C(=O)N(C1=O)C)N(C=N2)CC(CO)O,C10H14N4O4,254.24,"7-(2,3-dihydroxypropyl)-1,3-dimethylpurine-2,6-dione"
DB12610,C1=CC=C(C=C1)N2C(=O)C3=CC=CC=C3[Se]2,C13H9NOSe,274.19,"2-phenyl-1,2-benzoselenazol-3-one"
DB01010,CC[N+](C)(C)C1=CC(=CC=C1)O,C10H16NO+,166.24,ethyl-(3-hydroxyphenyl)-dimethylazanium
DB00228,C(C(OC(F)F)(F)F)(F)Cl,C3H2ClF5O,184.49,"2-chloro-1-(difluoromethoxy)-1,1,2-trifluoroethane"
DB08992,CCC1=CC=C(C=C1)C(=O)C(C)CN2CCCCC2,C17H25NO,259.4,1-(4-ethylphenyl)-2-methyl-3-piperidin-1-ylpropan-1-one
DB00751,C1C2C3=CC=CC=C3CC4=CC=CC=C4N2C(=N1)N,C16H15N3,249.31,"2,4-diazatetracyclo[12.4.0.02,6.07,12]octadeca-1(18),3,7,9,11,14,16-heptaen-3-amine"
DB08991,CC1=CC(=NC(=N1)N2C(=CC(=N2)C)OC)OC,C11H14N4O2,234.25,4-methoxy-2-(5-methoxy-3-methylpyrazol-1-yl)-6-methylpyrimidine
DB00903,CCC(=C)C(=O)C1=C(C(=C(C=C1)OCC(=O)O)Cl)Cl,C13H12Cl2O4,303.13,"2-[2,3-dichloro-4-(2-methylidenebutanoyl)phenoxy]acetic acid"
DB13544,CCOC1=CC=CC=C1C(=O)N,C9H11NO2,165.19,2-ethoxybenzamide
DB13598,CCOCC,C4H10O,74.12,ethoxyethane
DB00392,CCN(CC)C(C)CN1C2=CC=CC=C2SC3=CC=CC=C31,C19H24N2S,312.5,"N,N-diethyl-1-phenothiazin-10-ylpropan-2-amine"
DB00593,CCC1(CC(=O)NC1=O)C,C7H11NO2,141.17,"3-ethyl-3-methylpyrrolidine-2,5-dione"
DB08985,CCNCC(C1=CC(=CC=C1)O)O,C10H15NO2,181.23,3-[2-(ethylamino)-1-hydroxyethyl]phenol
DB00749,CCC1=C2C(=CC=C1)C3=C(N2)C(OCC3)(CC)CC(=O)O,C17H21NO3,287.35,"2-(1,8-diethyl-4,9-dihydro-3H-pyrano[3,4-b]indol-1-yl)acetic acid"
DB01023,CCOC(=O)C1=C(NC(=C(C1C2=C(C(=CC=C2)Cl)Cl)C(=O)OC)C)C,C18H19Cl2NO4,384.2,"5-O-ethyl 3-O-methyl 4-(2,3-dichlorophenyl)-2,6-dimethyl-1,4-dihydropyridine-3,5-dicarboxylate"
DB08981,C1=CC=C(C=C1)C2=CC=C(C=C2)C(=O)CCC(=O)O,C16H14O3,254.28,4-oxo-4-(4-phenylphenyl)butanoic acid
DB08980,CC(C1=CC=CC=C1)NCCC(C2=CC=CC=C2)C3=CC=CC=C3,C23H25N,315.5,"3,3-diphenyl-N-(1-phenylethyl)propan-1-amine"
DB00574,CCNC(C)CC1=CC(=CC=C1)C(F)(F)F,C12H16F3N,231.26,N-ethyl-1-[3-(trifluoromethyl)phenyl]propan-2-amine
DB01039,CC(C)OC(=O)C(C)(C)OC1=CC=C(C=C1)C(=O)C2=CC=C(C=C2)Cl,C20H21ClO4,360.8,propan-2-yl 2-[4-(4-chlorobenzoyl)phenoxy]-2-methylpropanoate
DB00800,C1CNCC(C2=CC(=C(C(=C21)Cl)O)O)C3=CC=C(C=C3)O,C16H16ClNO3,305.75,"9-chloro-5-(4-hydroxyphenyl)-2,3,4,5-tetrahydro-1H-3-benzazepine-7,8-diol"
DB00573,CC(C1=CC(=CC=C1)OC2=CC=CC=C2)C(=O)O,C15H14O3,242.27,2-(3-phenoxyphenyl)propanoic acid
DB01288,CC(CC1=CC=C(C=C1)O)NCC(C2=CC(=CC(=C2)O)O)O,C17H21NO4,303.35,"5-[1-hydroxy-2-[1-(4-hydroxyphenyl)propan-2-ylamino]ethyl]benzene-1,3-diol"
DB00813,CCC(=O)N(C1CCN(CC1)CCC2=CC=CC=C2)C3=CC=CC=C3,C22H28N2O,336.5,N-phenyl-N-[1-(2-phenylethyl)piperidin-4-yl]propanamide
DB11412,CC1=C(C=CC(=C1)OP(=S)(OC)OC)SC,C10H15O3PS2,278.3,dimethoxy-(3-methyl-4-methylsulfanylphenoxy)-sulfanylidene-lambda5-phosphane
DB01195,C1CCNC(C1)CNC(=O)C2=C(C=CC(=C2)OCC(F)(F)F)OCC(F)(F)F,C17H20F6N2O3,414.34,"N-(piperidin-2-ylmethyl)-2,5-bis(2,2,2-trifluoroethoxy)benzamide"
DB00196,C1=CC(=C(C=C1F)F)C(CN2C=NC=N2)(CN3C=NC=N3)O,C13H12F2N6O,306.27,"2-(2,4-difluorophenyl)-1,3-bis(1,2,4-triazol-1-yl)propan-2-ol"
DB00623,C1CN(CCN1CCCN2C3=CC=CC=C3SC4=C2C=C(C=C4)C(F)(F)F)CCO,C22H26F3N3OS,437.5,2-[4-[3-[2-(trifluoromethyl)phenothiazin-10-yl]propyl]piperazin-1-yl]ethanol
DB00472,CNCCC(C1=CC=CC=C1)OC2=CC=C(C=C2)C(F)(F)F,C17H18F3NO,309.33,N-methyl-3-phenyl-3-[4-(trifluoromethyl)phenoxy]propan-1-amine
DB00712,CC(C1=CC(=C(C=C1)C2=CC=CC=C2)F)C(=O)O,C15H13FO2,244.26,2-(3-fluoro-4-phenylphenyl)propanoic acid
DB14938,CC(C1=CC(=C(C=C1)C2=CC=CC=C2)F)C(=O)OC(C)OC(=O)C,C19H19FO4,330.3,1-acetyloxyethyl 2-(3-fluoro-4-phenylphenyl)propanoate
DB04842,C1CN(CCC12C(=O)NCN2C3=CC=CC=C3)CCCC(C4=CC=C(C=C4)F)C5=CC=C(C=C5)F,C29H31F2N3O,475.6,"8-[4,4-bis(4-fluorophenyl)butyl]-1-phenyl-1,3,8-triazaspiro[4.5]decan-4-one"
DB00176,COCCCC/C(=N\OCCN)/C1=CC=C(C=C1)C(F)(F)F,C15H21F3N2O2,318.33,2-[(E)-[5-methoxy-1-[4-(trifluoromethyl)phenyl]pentylidene]amino]oxyethanamine
DB00983,CC(CC1=CC=C(C=C1)OC)NCC(C2=CC(=C(C=C2)O)NC=O)O,C19H24N2O4,344.4,N-[2-hydroxy-5-[1-hydroxy-2-[1-(4-methoxyphenyl)propan-2-ylamino]ethyl]phenyl]formamide
DB00614,C1COC(=O)N1/N=C/C2=CC=C(O2)[N+](=O)[O-],C8H7N3O5,225.16,"3-[(E)-(5-nitrofuran-2-yl)methylideneamino]-1,3-oxazolidin-2-one"
DB00695,C1=COC(=C1)CNC2=CC(=C(C=C2C(=O)O)S(=O)(=O)N)Cl,C12H11ClN2O5S,330.74,4-chloro-2-(furan-2-ylmethylamino)-5-sulfamoylbenzoic acid
DB01120,CC1=CC=C(C=C1)S(=O)(=O)NC(=O)NN2CC3CCCC3C2,C15H21N3O3S,323.4,"1-(3,3a,4,5,6,6a-hexahydro-1H-cyclopenta[c]pyrrol-2-yl)-3-(4-methylphenyl)sulfonylurea"
DB00222,CCC1=C(CN(C1=O)C(=O)NCCC2=CC=C(C=C2)S(=O)(=O)NC(=O)NC3CCC(CC3)C)C,C24H34N4O5S,490.6,4-ethyl-3-methyl-N-[2-[4-[(4-methylcyclohexyl)carbamoylsulfamoyl]phenyl]ethyl]-5-oxo-2H-pyrrole-1-carboxamide
DB01067,CC1=CN=C(C=N1)C(=O)NCCC2=CC=C(C=C2)S(=O)(=O)NC(=O)NC3CCCCC3,C21H27N5O4S,445.5,N-[2-[4-(cyclohexylcarbamoylsulfamoyl)phenyl]ethyl]-5-methylpyrazine-2-carboxamide
DB01016,COC1=C(C=C(C=C1)Cl)C(=O)NCCC2=CC=C(C=C2)S(=O)(=O)NC(=O)NC3CCCCC3,C23H28ClN3O5S,494.0,5-chloro-N-[2-[4-(cyclohexylcarbamoylsulfamoyl)phenyl]ethyl]-2-methoxybenzamide
DB00629,C1=CC(=C(C(=C1)Cl)C=NN=C(N)N)Cl,C8H8Cl2N4,231.08,"2-[(2,6-dichlorophenyl)methylideneamino]guanidine"
DB01170,C1CCCN(CCC1)CCN=C(N)N,C10H22N4,198.31,2-[2-(azocan-1-yl)ethyl]guanidine
DB01018,C1=CC(=C(C(=C1)Cl)CC(=O)N=C(N)N)Cl,C9H9Cl2N3O,246.09,"N-(diaminomethylidene)-2-(2,6-dichlorophenyl)acetamide"
DB08162,C1CNCCN(C1)S(=O)(=O)C2=CC=CC3=C2C=CN=C3,C14H17N3O2S,291.37,"5-(1,4-diazepan-1-ylsulfonyl)isoquinoline"
DB00502,C1CN(CCC1(C2=CC=C(C=C2)Cl)O)CCCC(=O)C3=CC=C(C=C3)F,C21H23ClFNO2,375.9,4-[4-(4-chlorophenyl)-4-hydroxypiperidin-1-yl]-1-(4-fluorophenyl)butan-1-one
DB01159,C(C(F)(F)F)(Cl)Br,C2HBrClF3,197.38,"2-bromo-2-chloro-1,1,1-trifluoroethane"
DB00941,C[N+](C)(CCCCCC[N+](C)(C)C1C2=CC=CC=C2C3=CC=CC=C13)C4C5=CC=CC=C5C6=CC=CC=C46,C36H42N2+2,502.7,9H-fluoren-9-yl-[6-[9H-fluoren-9-yl(dimethyl)azaniumyl]hexyl]-dimethylazanium
DB08960,C[N+](C)(C)CCCCCC[N+](C)(C)C,C12H30N2+2,202.38,trimethyl-[6-(trimethylazaniumyl)hexyl]azanium
DB01355,CC1(C(=O)NC(=O)N(C1=O)C)C2=CCCCC2,C12H16N2O3,236.27,"5-(cyclohexen-1-yl)-1,5-dimethyl-1,3-diazinane-2,4,6-trione"
DB08957,C1=CC(=C(C=C1C(CNCCCCCCNCC(C2=CC(=C(C=C2)O)O)O)O)O)O,C22H32N2O6,420.5,"4-[2-[6-[[2-(3,4-dihydroxyphenyl)-2-hydroxyethyl]amino]hexylamino]-1-hydroxyethyl]benzene-1,2-diol"
DB00774,C1NC2=C(C=C(C(=C2)C(F)(F)F)S(=O)(=O)N)S(=O)(=O)N1,C8H8F3N3O4S2,331.3,"1,1-dioxo-6-(trifluoromethyl)-3,4-dihydro-2H-1lambda6,2,4-benzothiadiazine-7-sulfonamide"
DB01611,CCN(CCCC(C)NC1=C2C=CC(=CC2=NC=C1)Cl)CCO,C18H26ClN3O,335.9,2-[4-[(7-chloroquinolin-4-yl)amino]pentyl-ethylamino]ethanol
DB00557,C1CN(CCN1CCOCCO)C(C2=CC=CC=C2)C3=CC=C(C=C3)Cl,C21H27ClN2O2,374.9,2-[2-[4-[(4-chlorophenyl)-phenylmethyl]piperazin-1-yl]ethoxy]ethanol
DB05266,CC(C)C1=NN2C=CC=CC2=C1C(=O)C(C)C,C14H18N2O,230.31,"2-methyl-1-(2-propan-2-ylpyrazolo[1,5-a]pyridin-3-yl)propan-1-one"
DB01050,CC(C)CC1=CC=C(C=C1)C(C)C(=O)O,C13H18O2,206.28,2-[4-(2-methylpropyl)phenyl]propanoic acid
DB00780,C1=CC=C(C=C1)CCNN,C8H12N2,136.19,2-phenylethylhydrazine
DB00281,CCN(CC)CC(=O)NC1=C(C=CC=C1C)C,C14H22N2O,234.34,"2-(diethylamino)-N-(2,6-dimethylphenyl)acetamide"
DB01365,CC(C)(CC1=CC=CC=C1)NC,C11H17N,163.26,"N,2-dimethyl-1-phenylpropan-2-amine"
DB08954,CC(C(C1=CC=C(C=C1)O)O)N2CCC(CC2)CC3=CC=CC=C3,C21H27NO2,325.4,4-[2-(4-benzylpiperidin-1-yl)-1-hydroxypropyl]phenol
DB00328,CC1=C(C2=C(N1C(=O)C3=CC=C(C=C3)Cl)C=CC(=C2)OC)CC(=O)O,C19H16ClNO4,357.8,2-[1-(4-chlorobenzoyl)-5-methoxy-2-methylindol-3-yl]acetic acid
DB08951,CC(C1=CC=C(C=C1)N2CC3=CC=CC=C3C2=O)C(=O)O,C17H15NO3,281.30,2-[4-(3-oxo-1H-isoindol-2-yl)phenyl]propanoic acid
DB04818,CC(C)NNC(=O)C1=CC=NC=C1,C9H13N3O,179.22,N'-propan-2-ylpyridine-4-carbohydrazide
DB01029,CCCCC1=NC2(CCCC2)C(=O)N1CC3=CC=C(C=C3)C4=CC=CC=C4C5=NNN=N5,C25H28N6O,428.5,"2-butyl-3-[[4-[2-(2H-tetrazol-5-yl)phenyl]phenyl]methyl]-1,3-diazaspiro[4.4]non-1-en-4-one"
DB07954,CC(C)CN1C2=C(C(=O)N(C1=O)C)NC=N2,C10H14N4O2,222.24,"1-methyl-3-(2-methylpropyl)-7H-purine-2,6-dione"
DB01247,CC1=CC(=NO1)C(=O)NNCC2=CC=CC=C2,C12H13N3O2,231.25,"N'-benzyl-5-methyl-1,2-oxazole-3-carbohydrazide"
DB00221,CCC(C(C1=CC(=C(C=C1)O)O)O)NC(C)C,C13H21NO3,239.31,"4-[1-hydroxy-2-(propan-2-ylamino)butyl]benzene-1,2-diol"
DB00753,C(C(F)(F)F)(OC(F)F)Cl,C3H2ClF5O,184.49,"2-chloro-2-(difluoromethoxy)-1,1,1-trifluoroethane"
DB13524,CC1=C(C(=O)N(N1C)C2=CC=CC=C2)C(C)C,C14H18N2O,230.31,"1,5-dimethyl-2-phenyl-4-propan-2-ylpyrazol-3-one"
DB01064,CC(C)NCC(C1=CC(=C(C=C1)O)O)O,C11H17NO3,211.26,"4-[1-hydroxy-2-(propan-2-ylamino)ethyl]benzene-1,2-diol"
DB00270,CC1=C(C(C(=C(N1)C)C(=O)OC(C)C)C2=CC=CC3=NON=C32)C(=O)OC,C19H21N3O5,371.4,"3-O-methyl 5-O-propan-2-yl 4-(2,1,3-benzoxadiazol-4-yl)-2,6-dimethyl-1,4-dihydropyridine-3,5-dicarboxylate"
DB01221,CNC1(CCCCC1=O)C2=CC=CC=C2Cl,C13H16ClNO,237.72,2-(2-chlorophenyl)-2-(methylamino)cyclohexan-1-one
DB01026,CC(=O)N1CCN(CC1)C2=CC=C(C=C2)OCC3COC(O3)(CN4C=CN=C4)C5=C(C=C(C=C5)Cl)Cl,C26H28Cl2N4O4,531.4,"1-[4-[4-[[2-(2,4-dichlorophenyl)-2-(imidazol-1-ylmethyl)-1,3-dioxolan-4-yl]methoxy]phenyl]piperazin-1-yl]ethanone"
DB08940,CC(=O)CCC1C(=O)N(N(C1=O)C2=CC=CC=C2)C3=CC=CC=C3,C19H18N2O3,322.4,"4-(3-oxobutyl)-1,2-diphenylpyrazolidine-3,5-dione"
DB01009,CC(C1=CC(=CC=C1)C(=O)C2=CC=CC=C2)C(=O)O,C16H14O3,254.28,2-(3-benzoylphenyl)propanoic acid
DB00465,C1CN2C(=CC=C2C(=O)C3=CC=CC=C3)C1C(=O)O,C15H13NO3,255.27,"5-benzoyl-2,3-dihydro-1H-pyrrolizine-1-carboxylic acid"
DB00598,CC(CCC1=CC=CC=C1)NCC(C2=CC(=C(C=C2)O)C(=O)N)O,C19H24N2O3,328.4,2-hydroxy-5-[1-hydroxy-2-(4-phenylbutan-2-ylamino)ethyl]benzamide
DB00555,C1=CC(=C(C(=C1)Cl)Cl)C2=C(N=C(N=N2)N)N,C9H7Cl2N5,256.09,"6-(2,3-dichlorophenyl)-1,2,4-triazine-3,5-diamine"
DB00448,CC1=C(C=CN=C1CS(=O)C2=NC3=CC=CC=C3N2)OCC(F)(F)F,C16H14F3N3O2S,369.4,"2-[[3-methyl-4-(2,2,2-trifluoroethoxy)pyridin-2-yl]methylsulfinyl]-1H-benzimidazole"
DB13766,CC1=C(C(=CC=C1)C)NC(=O)CN2CCN(CC2)CCCC(C3=CC=C(C=C3)F)C4=CC=C(C=C4)F,C30H35F2N3O,491.6,"2-[4-[4,4-bis(4-fluorophenyl)butyl]piperazin-1-yl]-N-(2,6-dimethylphenyl)acetamide"
DB13411,CN(CCCN1C2=CC=CC=C2CCC3=CC=CC=C31)CC(=O)C4=CC=C(C=C4)Cl,C26H27ClN2O,419.0,"1-(4-chlorophenyl)-2-[3-(5,6-dihydrobenzo[b][1]benzazepin-11-yl)propyl-methylamino]ethanone"
DB14065,COC1=C(C(=C(C=C1)CN2CCN(CC2)C(C3=CC=C(C=C3)F)C4=CC=C(C=C4)F)OC)OC,C27H30F2N2O3,468.5,"1-[bis(4-fluorophenyl)methyl]-4-[(2,3,4-trimethoxyphenyl)methyl]piperazine"
DB00836,CN(C)C(=O)C(CCN1CCC(CC1)(C2=CC=C(C=C2)Cl)O)(C3=CC=CC=C3)C4=CC=CC=C4,C29H33ClN2O2,477.0,"4-[4-(4-chlorophenyl)-4-hydroxypiperidin-1-yl]-N,N-dimethyl-2,2-diphenylbutanamide"
DB00455,CCOC(=O)N1CCC(=C2C3=C(CCC4=C2N=CC=C4)C=C(C=C3)Cl)CC1,C22H23ClN2O2,382.9,"ethyl 4-(13-chloro-4-azatricyclo[9.4.0.03,8]pentadeca-1(11),3(8),4,6,12,14-hexaen-2-ylidene)piperidine-1-carboxylate"
DB00678,CCCCC1=NC(=C(N1CC2=CC=C(C=C2)C3=CC=CC=C3C4=NNN=N4)CO)Cl,C22H23ClN6O,422.9,[2-butyl-5-chloro-3-[[4-[2-(2H-tetrazol-5-yl)phenyl]phenyl]methyl]imidazol-4-yl]methanol
DB09212,CC(C1=CC=C(C=C1)CC2CCCC2=O)C(=O)O,C15H18O3,246.30,2-[4-[(2-oxocyclopentyl)methyl]phenyl]propanoic acid
DB09238,CC1=C(C(C(=C(N1)C)C(=O)OCCN2CCN(CC2)C(C3=CC=CC=C3)C4=CC=CC=C4)C5=CC(=CC=C5)[N+](=O)[O-])C(=O)OC,C35H38N4O6,610.7,"5-O-[2-(4-benzhydrylpiperazin-1-yl)ethyl] 3-O-methyl 2,6-dimethyl-4-(3-nitrophenyl)-1,4-dihydropyridine-3,5-dicarboxylate"
DB00934,CNCCCC12CCC(C3=CC=CC=C31)C4=CC=CC=C24,C20H23N,277.4,"N-methyl-3-(1-tetracyclo[6.6.2.02,7.09,14]hexadeca-2,4,6,9,11,13-hexaenyl)propan-1-amine"
DB00657,CC1(C2CCC(C2)C1(C)NC)C,C11H21N,167.29,"N,2,3,3-tetramethylbicyclo[2.2.1]heptan-2-amine"
DB00888,CN(CCCl)CCCl,C5H11Cl2N,156.05,2-chloro-N-(2-chloroethyl)-N-methylethanamine
DB00737,CC1=CC(=CC=C1)CN2CCN(CC2)C(C3=CC=CC=C3)C4=CC=C(C=C4)Cl,C25H27ClN2,390.9,1-[(4-chlorophenyl)-phenylmethyl]-4-[(3-methylphenyl)methyl]piperazine
DB00939,CC1=C(C(=C(C=C1)Cl)NC2=CC=CC=C2C(=O)O)Cl,C14H11Cl2NO2,296.1,"2-(2,6-dichloro-3-methylanilino)benzoic acid"
DB00784,CC1=C(C(=CC=C1)NC2=CC=CC=C2C(=O)O)C,C15H15NO2,241.28,"2-(2,3-dimethylanilino)benzoic acid"
DB00358,C1CCNC(C1)C(C2=CC(=NC3=C2C=CC=C3C(F)(F)F)C(F)(F)F)O,C17H16F6N2O,378.31,"[2,8-bis(trifluoromethyl)quinolin-4-yl]-piperidin-2-ylmethanol"
DB01043,CC12CC3CC(C1)(CC(C3)(C2)N)C,C12H21N,179.30,"3,5-dimethyladamantan-1-amine"
DB00532,CCC1(C(=O)N(C(=O)N1)C)C2=CC=CC=C2,C12H14N2O2,218.25,"5-ethyl-3-methyl-5-phenylimidazolidine-2,4-dione"
DB00961,CC1=C(C(=CC=C1)C)NC(=O)C2CCCCN2C,C15H22N2O,246.35,"N-(2,6-dimethylphenyl)-1-methylpiperidine-2-carboxamide"
DB01071,C1CN2CCC1C(C2)CN3C4=CC=CC=C4SC5=CC=CC=C53,C20H22N2S,322.5,10-(1-azabicyclo[2.2.2]octan-3-ylmethyl)phenothiazine
DB00244,C1=CC(=C(C=C1N)C(=O)O)O,C7H7NO3,153.14,5-amino-2-hydroxybenzoic acid
DB00933,CN1CCCCC1CCN2C3=CC=CC=C3SC4=C2C=C(C=C4)S(=O)C,C21H26N2OS2,386.6,10-[2-(1-methylpiperidin-2-yl)ethyl]-2-methylsulfinylphenothiazine
DB00816,CC(C)NCC(C1=CC(=CC(=C1)O)O)O,C11H17NO3,211.26,"5-[1-hydroxy-2-(propan-2-ylamino)ethyl]benzene-1,3-diol"
DB00331,CN(C)C(=N)N=C(N)N,C4H11N5,129.16,"3-(diaminomethylidene)-1,1-dimethylguanidine"
DB00333,CCC(=O)C(CC(C)N(C)C)(C1=CC=CC=C1)C2=CC=CC=C2,C21H27NO,309.4,"6-(dimethylamino)-4,4-diphenylheptan-3-one"
DB00703,CC(=O)N=C1N(N=C(S1)S(=O)(=O)N)C,C5H8N4O3S2,236.3,"N-(3-methyl-5-sulfamoyl-1,3,4-thiadiazol-2-ylidene)acetamide"
DB01028,COC(C(Cl)Cl)(F)F,C3H4Cl2F2O,164.96,"2,2-dichloro-1,1-difluoro-1-methoxyethane"
DB13624,CC(CC1=CC=CC=C1OC)NC,C11H17NO,179.26,1-(2-methoxyphenyl)-N-methylpropan-2-amine
DB00232,CN1C(NC2=CC(=C(C=C2S1(=O)=O)S(=O)(=O)N)Cl)CCl,C9H11Cl2N3O4S2,360.2,"6-chloro-3-(chloromethyl)-2-methyl-1,1-dioxo-3,4-dihydro-1lambda6,2,4-benzothiadiazine-7-sulfonamide"
DB00422,COC(=O)C(C1CCCCN1)C2=CC=CC=C2,C14H19NO2,233.31,methyl 2-phenyl-2-piperidin-2-ylacetate
DB01233,CCN(CC)CCNC(=O)C1=CC(=C(C=C1OC)N)Cl,C14H22ClN3O2,299.79,4-amino-5-chloro-N-[2-(diethylamino)ethyl]-2-methoxybenzamide
DB00524,CC1NC2=CC(=C(C=C2C(=O)N1C3=CC=CC=C3C)S(=O)(=O)N)Cl,C16H16ClN3O3S,365.8,"7-chloro-2-methyl-3-(2-methylphenyl)-4-oxo-1,2-dihydroquinazoline-6-sulfonamide"
DB00264,CC(C)NCC(COC1=CC=C(C=C1)CCOC)O,C15H25NO3,267.36,1-[4-(2-methoxyethyl)phenoxy]-3-(propan-2-ylamino)propan-2-ol
DB00379,CC1=C(C(=CC=C1)C)OCC(C)N,C11H17NO,179.26,"1-(2,6-dimethylphenoxy)propan-2-amine"
DB06148,CN1CCN2C(C1)C3=CC=CC=C3CC4=CC=CC=C42,C18H20N2,264.4,"5-methyl-2,5-diazatetracyclo[13.4.0.02,7.08,13]nonadeca-1(19),8,10,12,15,17-hexaene"
DB01110,C1=CC(=C(C=C1Cl)Cl)COC(CN2C=CN=C2)C3=C(C=C(C=C3)Cl)Cl,C18H14Cl4N2O,416.1,"1-[2-(2,4-dichlorophenyl)-2-[(2,4-dichlorophenyl)methoxy]ethyl]imidazole"
DB00211,COC1=CC(=C(C=C1)OC)C(CNC(=O)CN)O,C12H18N2O4,254.28,"2-amino-N-[2-(2,5-dimethoxyphenyl)-2-hydroxyethyl]acetamide"
DB00805,CC1=CC(=NN=C1NCCN2CCOCC2)C3=CC=CC=C3,C17H22N4O,298.4,4-methyl-N-(2-morpholin-4-ylethyl)-6-phenylpyridazin-3-amine
DB00350,C1CCN(CC1)C2=NC(=N)N(C(=C2)N)O,C9H15N5O,209.25,3-hydroxy-2-imino-6-piperidin-1-ylpyrimidin-4-amine
DB00370,CN1CCN2C(C1)C3=CC=CC=C3CC4=C2N=CC=C4,C17H19N3,265.35,"5-methyl-2,5,19-triazatetracyclo[13.4.0.02,7.08,13]nonadeca-1(15),8,10,12,16,18-hexaene"
DB01171,C1COCCN1CCNC(=O)C2=CC=C(C=C2)Cl,C13H17ClN2O2,268.74,4-chloro-N-(2-morpholin-4-ylethyl)benzamide
DB09205,CC1=CC(=C(C=C1OC(=O)C)C(C)C)OCCN(C)C,C16H25NO3,279.37,[4-[2-(dimethylamino)ethoxy]-2-methyl-5-propan-2-ylphenyl] acetate
DB06445,CCNCCCNCCCNCCCNCC,C13H32N4,244.42,"N-ethyl-N'-[3-[3-(ethylamino)propylamino]propyl]propane-1,3-diamine"
DB04017,CN(CCCOC1=C(C=C(C=C1)Cl)Cl)CC#C,C13H15Cl2NO,272.17,"3-(2,4-dichlorophenoxy)-N-methyl-N-prop-2-ynylpropan-1-amine"
DB13917,CNCCC1=CC(=C(C=C1)O)O,C9H13NO2,167.20,"4-[2-(methylamino)ethyl]benzene-1,2-diol"
DB00461,CC(=O)CCC1=CC2=C(C=C1)C=C(C=C2)OC,C15H16O2,228.29,4-(6-methoxynaphthalen-2-yl)butan-2-one
DB12092,COC1=CC=CC=C1N2CCN(CC2)CC(COC3=CC=CC4=CC=CC=C43)O,C24H28N2O3,392.5,1-[4-(2-methoxyphenyl)piperazin-1-yl]-3-naphthalen-1-yloxypropan-2-ol
DB06711,C1CN=C(N1)CC2=CC=CC3=CC=CC=C32,C14H14N2,210.27,"2-(naphthalen-1-ylmethyl)-4,5-dihydro-1H-imidazole"
DB00952,CNS(=O)(=O)CCC1=CC2=C(C=C1)NC=C2C3CCN(CC3)C,C17H25N3O2S,335.5,N-methyl-2-[3-(1-methylpiperidin-4-yl)-1H-indol-5-yl]ethanesulfonamide
DB01149,CCC1=NN(C(=O)N1CCOC2=CC=CC=C2)CCCN3CCN(CC3)C4=CC(=CC=C4)Cl,C25H32ClN5O2,470.0,"2-[3-[4-(3-chlorophenyl)piperazin-1-yl]propyl]-5-ethyl-4-(2-phenoxyethyl)-1,2,4-triazol-3-one"
DB01400,CN(C)C(=O)OC1=CC=CC(=C1)[N+](C)(C)C,C12H19N2O2+,223.29,[3-(dimethylcarbamoyloxy)phenyl]-trimethylazanium
DB00238,CC1=C2C(=NC=C1)N(C3=C(C=CC=N3)C(=O)N2)C4CC4,C15H14N4O,266.30,"2-cyclopropyl-7-methyl-2,4,9,15-tetrazatricyclo[9.4.0.03,8]pentadeca-1(11),3,5,7,12,14-hexaen-10-one"
DB04820,C1=CC=C(C=C1)CNC(=O)CCNNC(=O)C2=CC=NC=C2,C16H18N4O2,298.34,N-benzyl-3-[2-(pyridine-4-carbonyl)hydrazinyl]propanamide
DB00622,CC1=C(C(C(=C(N1)C)C(=O)OCCN(C)CC2=CC=CC=C2)C3=CC(=CC=C3)[N+](=O)[O-])C(=O)OC,C26H29N3O6,479.5,"5-O-[2-[benzyl(methyl)amino]ethyl] 3-O-methyl 2,6-dimethyl-4-(3-nitrophenyl)-1,4-dihydropyridine-3,5-dicarboxylate"
DB13407,CC1=C(C(=O)N(N1C)C2=CC=CC=C2)NC(=O)C3=CN=CC=C3,C17H16N4O2,308.33,"N-(1,5-dimethyl-3-oxo-2-phenylpyrazol-4-yl)pyridine-3-carboxamide"
DB04552,C1=CC(=CC(=C1)NC2=C(C=CC=N2)C(=O)O)C(F)(F)F,C13H9F3N2O2,282.22,2-[3-(trifluoromethyl)anilino]pyridine-3-carboxylic acid
DB06712,CC1=C(C(C(=C(N1)C#N)C(=O)OC)C2=CC(=CC=C2)[N+](=O)[O-])C(=O)OC(C)C,C19H19N3O6,385.4,"3-O-methyl 5-O-propan-2-yl 2-cyano-6-methyl-4-(3-nitrophenyl)-1,4-dihydropyridine-3,5-dicarboxylate"
DB04743,CS(=O)(=O)NC1=C(C=C(C=C1)[N+](=O)[O-])OC2=CC=CC=C2,C13H12N2O5S,308.31,N-(4-nitro-2-phenoxyphenyl)methanesulfonamide
DB00393,CC1=C(C(C(=C(N1)C)C(=O)OC(C)C)C2=CC(=CC=C2)[N+](=O)[O-])C(=O)OCCOC,C21H26N2O7,418.4,"3-O-(2-methoxyethyl) 5-O-propan-2-yl 2,6-dimethyl-4-(3-nitrophenyl)-1,4-dihydropyridine-3,5-dicarboxylate"
DB00401,CC1=C(C(C(=C(N1)C)C(=O)OCC(C)C)C2=CC=CC=C2[N+](=O)[O-])C(=O)OC,C20H24N2O6,388.4,"3-O-methyl 5-O-(2-methylpropyl) 2,6-dimethyl-4-(2-nitrophenyl)-1,4-dihydropyridine-3,5-dicarboxylate"
DB01054,CCOC(=O)C1=C(NC(=C(C1C2=CC(=CC=C2)[N+](=O)[O-])C(=O)OC)C)C,C18H20N2O6,360.4,"5-O-ethyl 3-O-methyl 2,6-dimethyl-4-(3-nitrophenyl)-1,4-dihydropyridine-3,5-dicarboxylate"
DB00727,C(C(CO[N+](=O)[O-])O[N+](=O)[O-])O[N+](=O)[O-],C3H5N3O9,227.09,"1,3-dinitrooxypropan-2-yl nitrate"
DB13546,CCN(CC)CC1=NC=CN1C2=C(C=C(C=C2)[N+](=O)[O-])C(=O)C3=CC=CC=C3Cl,C21H21ClN4O3,412.9,(2-chlorophenyl)-[2-[2-(diethylaminomethyl)imidazol-1-yl]-5-nitrophenyl]methanone
DB13378,C1=CC(=CC(=C1)O)C(CN)O,C8H11NO2,153.18,3-(2-amino-1-hydroxyethyl)phenol
DB00540,CNCCC=C1C2=CC=CC=C2CCC3=CC=CC=C31,C19H21N,263.4,"N-methyl-3-(2-tricyclo[9.4.0.03,8]pentadeca-1(15),3,5,7,11,13-hexaenylidene)propan-1-amine"
DB14060,CS(=O)(=O)NC1=C(C=C(C=C1)[N+](=O)[O-])OC2CCCCC2,C13H18N2O5S,314.36,N-(2-cyclohexyloxy-4-nitrophenyl)methanesulfonamide
DB06152,CC(CCC1=CC=CC=C1)NC(C)C(C2=CC=C(C=C2)O)O,C19H25NO2,299.4,4-[1-hydroxy-2-(4-phenylbutan-2-ylamino)propyl]phenol
DB11919,C1=CC=C(C=C1)COC2=NC(=NC3=C2NC=N3)N,C12H11N5O,241.25,6-phenylmethoxy-7H-purin-2-amine
DB13251,C1=CC(=CC=C1C(CN)O)O,C8H11NO2,153.18,4-(2-amino-1-hydroxyethyl)phenol
DB01165,CC1COC2=C3N1C=C(C(=O)C3=CC(=C2N4CCN(CC4)C)F)C(=O)O,C18H20FN3O4,361.4,"7-fluoro-2-methyl-6-(4-methylpiperazin-1-yl)-10-oxo-4-oxa-1-azatricyclo[7.3.1.05,13]trideca-5(13),6,8,11-tetraene-11-carboxylic acid"
DB00334,CC1=CC2=C(S1)NC3=CC=CC=C3N=C2N4CCN(CC4)C,C17H20N4S,312.4,"2-methyl-4-(4-methylpiperazin-1-yl)-10H-thieno[2,3-b][1,5]benzodiazepine"
DB00904,CC1=NC=CN1CC2CCC3=C(C2=O)C4=CC=CC=C4N3C,C18H19N3O,293.4,"9-methyl-3-[(2-methylimidazol-1-yl)methyl]-2,3-dihydro-1H-carbazol-4-one"
DB01173,CC1=CC=CC=C1C(C2=CC=CC=C2)OCCN(C)C,C18H23NO,269.4,"N,N-dimethyl-2-[(2-methylphenyl)-phenylmethoxy]ethanamine"
DB01096,CC(C)NCC1CCC2=CC(=C(C=C2N1)[N+](=O)[O-])CO,C14H21N3O3,279.33,"[7-nitro-2-[(propan-2-ylamino)methyl]-1,2,3,4-tetrahydroquinolin-6-yl]methanol"
DB00991,C1=CC=C(C=C1)C2=C(OC(=N2)CCC(=O)O)C3=CC=CC=C3,C18H15NO3,293.3,"3-(4,5-diphenyl-1,3-oxazol-2-yl)propanoic acid"
DB01580,CC(C)NCC(COC1=CC=CC=C1OCC=C)O,C15H23NO3,265.35,1-(propan-2-ylamino)-3-(2-prop-2-enoxyphenoxy)propan-2-ol
DB01062,CCN(CC)CC#CCOC(=O)C(C1CCCCC1)(C2=CC=CC=C2)O,C22H31NO3,357.5,4-(diethylamino)but-2-ynyl 2-cyclohexyl-2-hydroxy-2-phenylacetate
DB03585,CCCCC1C(=O)N(N(C1=O)C2=CC=C(C=C2)O)C3=CC=CC=C3,C19H20N2O3,324.4,"4-butyl-1-(4-hydroxyphenyl)-2-phenylpyrazolidine-3,5-dione"
DB01113,COC1=C(C=C(C=C1)CC2=NC=CC3=CC(=C(C=C32)OC)OC)OC,C20H21NO4,339.4,"1-[(3,4-dimethoxyphenyl)methyl]-6,7-dimethoxyisoquinoline"
DB01626,CN(CC#C)CC1=CC=CC=C1,C11H13N,159.23,N-benzyl-N-methylprop-2-yn-1-amine
DB00738,C1=CC(=CC=C1C(=N)N)OCCCCCOC2=CC=C(C=C2)C(=N)N,C19H24N4O2,340.4,4-[5-(4-carbamimidoylphenoxy)pentoxy]benzenecarboximidamide
DB00312,CCCC(C)C1(C(=O)NC(=O)NC1=O)CC,C11H18N2O3,226.27,"5-ethyl-5-pentan-2-yl-1,3-diazinane-2,4,6-trione"
DB00806,CC(=O)CCCCN1C(=O)C2=C(N=CN2C)N(C1=O)C,C13H18N4O3,278.31,"3,7-dimethyl-1-(5-oxohexyl)purine-2,6-dione"
DB12710,CN1CCN(CC1)CCCN2C3=CC=CC=C3SC4=CC=CC=C42,C20H25N3S,339.5,10-[3-(4-methylpiperazin-1-yl)propyl]phenothiazine
DB01074,C1CCC(CC1)C(CC2CCCCN2)C3CCCCC3,C19H35N,277.5,"2-(2,2-dicyclohexylethyl)piperidine"
DB01608,C1CN(CCC1O)CCCN2C3=CC=CC=C3SC4=C2C=C(C=C4)C#N,C21H23N3OS,365.5,10-[3-(4-hydroxypiperidin-1-yl)propyl]phenothiazine-2-carbonitrile
DB00850,C1CN(CCN1CCCN2C3=CC=CC=C3SC4=C2C=C(C=C4)Cl)CCO,C21H26ClN3OS,404.0,2-[4-[3-(2-chlorophenothiazin-10-yl)propyl]piperazin-1-yl]ethanol
DB03783,CCOC1=CC=C(C=C1)NC(=O)C,C10H13NO2,179.22,N-(4-ethoxyphenyl)acetamide
DB00830,CC1C(OCCN1)C2=CC=CC=C2,C11H15NO,177.24,3-methyl-2-phenylmorpholine
DB01174,CCC1(C(=O)NC(=O)NC1=O)C2=CC=CC=C2,C12H12N2O3,232.23,"5-ethyl-5-phenyl-1,3-diazinane-2,4,6-trione"
DB00925,CC(COC1=CC=CC=C1)N(CCCl)CC2=CC=CC=C2,C18H22ClNO,303.8,N-benzyl-N-(2-chloroethyl)-1-phenoxypropan-2-amine
DB00191,CC(C)(CC1=CC=CC=C1)N,C10H15N,149.23,2-methyl-1-phenylpropan-2-amine
DB06819,C1=CC=C(C=C1)CCCC(=O)O,C10H12O2,164.20,4-phenylbutanoic acid
DB00812,CCCCC1C(=O)N(N(C1=O)C2=CC=CC=C2)C3=CC=CC=C3,C19H20N2O2,308.4,"4-butyl-1,2-diphenylpyrazolidine-3,5-dione"
DB09242,CC1=NC(=C(C(=N1)Cl)NC2=NCCN2)OC,C9H12ClN5O,241.68,"4-chloro-N-(4,5-dihydro-1H-imidazol-2-yl)-6-methoxy-2-methylpyrimidin-5-amine"
DB12712,CC1=C(C(=CC=C1)C)NC(=O)CC23CCCN2CCC3,C17H24N2O,272.4,"N-(2,6-dimethylphenyl)-2-(1,2,3,5,6,7-hexahydropyrrolizin-8-yl)acetamide"
DB06762,CC(C(C)(C)C)N=C(NC#N)NC1=CC=NC=C1,C13H19N5,245.32,"1-cyano-2-(3,3-dimethylbutan-2-yl)-3-pyridin-4-ylguanidine"
DB00960,CC(C)NCC(COC1=CC=CC2=C1C=CN2)O,C14H20N2O2,248.32,1-(1H-indol-4-yloxy)-3-(propan-2-ylamino)propan-2-ol
DB01132,CCC1=CN=C(C=C1)CCOC2=CC=C(C=C2)CC3C(=O)NC(=O)S3,C19H20N2O3S,356.4,"5-[[4-[2-(5-ethylpyridin-2-yl)ethoxy]phenyl]methyl]-1,3-thiazolidine-2,4-dione"
DB09286,C1CCN(CC1)C2(CCN(CC2)CCCC(=O)C3=CC=C(C=C3)F)C(=O)N,C21H30FN3O2,375.5,1-[4-(4-fluorophenyl)-4-oxobutyl]-4-piperidin-1-ylpiperidine-4-carboxamide
DB00592,C1CNCCN1,C4H10N2,86.14,piperazine
DB01291,CC(C)(C)NCC(C1=NC(=C(C=C1)O)CO)O,C12H20N2O3,240.30,6-[2-(tert-butylamino)-1-hydroxyethyl]-2-(hydroxymethyl)pyridin-3-ol
DB01324,CN1C(NC2=CC(=C(C=C2S1(=O)=O)S(=O)(=O)N)Cl)CSCC(F)(F)F,C11H13ClF3N3O4S3,439.9,"6-chloro-2-methyl-1,1-dioxo-3-(2,2,2-trifluoroethylsulfanylmethyl)-3,4-dihydro-1lambda6,2,4-benzothiadiazine-7-sulfonamide"
DB00761,[Cl-].[K+],ClK,74.55,potassium;chloride
DB06715,[K+].[I-],IK,166.0028,potassium;iodide
DB01297,CC(C)NCC(COC1=CC=C(C=C1)NC(=O)C)O,C14H22N2O3,266.34,N-[4-[2-hydroxy-3-(propan-2-ylamino)propoxy]phenyl]acetamide
DB00457,COC1=C(C=C2C(=C1)C(=NC(=N2)N3CCN(CC3)C(=O)C4=CC=CO4)N)OC,C19H21N5O4,383.4,"[4-(4-amino-6,7-dimethoxyquinazolin-2-yl)piperazin-1-yl]-(furan-2-yl)methanone"
DB01087,CC(CCCN)NC1=C2C(=CC(=C1)OC)C=CC=N2,C15H21N3O,259.35,"4-N-(6-methoxyquinolin-8-yl)pentane-1,4-diamine"
DB00794,CCC1(C(=O)NCNC1=O)C2=CC=CC=C2,C12H14N2O2,218.25,"5-ethyl-5-phenyl-1,3-diazinane-4,6-dione"
DB01035,CCN(CC)CCNC(=O)C1=CC=C(C=C1)N,C13H21N3O,235.33,4-amino-N-[2-(diethylamino)ethyl]benzamide
DB00721,CCN(CC)CCOC(=O)C1=CC=C(C=C1)N,C13H20N2O2,236.31,2-(diethylamino)ethyl 4-aminobenzoate
DB01168,CC(C)NC(=O)C1=CC=C(C=C1)CNNC,C12H19N3O,221.30,4-[(2-methylhydrazinyl)methyl]-N-propan-2-ylbenzamide
DB00433,CN1CCN(CC1)CCCN2C3=CC=CC=C3SC4=C2C=C(C=C4)Cl,C20H24ClN3S,373.9,2-chloro-10-[3-(4-methylpiperazin-1-yl)propyl]phenothiazine
DB13527,CCCN(CCC)C(=O)C(CCC(=O)OCCCN1CCN(CC1)CCOC(=O)CC2=C(N(C3=C2C=C(C=C3)OC)C(=O)C4=CC=C(C=C4)Cl)C)NC(=O)C5=CC=CC=C5,C46H58ClN5O8,844.4,3-[4-[2-[2-[1-(4-chlorobenzoyl)-5-methoxy-2-methylindol-3-yl]acetyl]oxyethyl]piperazin-1-yl]propyl 4-benzamido-5-(dipropylamino)-5-oxopentanoate
DB01131,CC(C)N=C(N)/N=C(\N)/NC1=CC=C(C=C1)Cl,C11H16ClN5,253.73,(1E)-1-[amino-(4-chloroanilino)methylidene]-2-propan-2-ylguanidine
DB00420,CN(C)CCCN1C2=CC=CC=C2SC3=CC=CC=C31,C17H20N2S,284.4,"N,N-dimethyl-3-phenothiazin-10-ylpropan-1-amine"
DB01069,CC(CN1C2=CC=CC=C2SC3=CC=CC=C31)N(C)C,C17H20N2S,284.4,"N,N-dimethyl-1-phenothiazin-10-ylpropan-2-amine"
DB01182,CCCNCC(COC1=CC=CC=C1C(=O)CCC2=CC=CC=C2)O,C21H27NO3,341.4,1-[2-[2-hydroxy-3-(propylamino)propoxy]phenyl]-3-phenylpropan-1-one
DB06479,CCCN1C=NC2=C1C(=O)N(C(=O)N2C)CCCCC(=O)C,C15H22N4O3,306.36,"3-methyl-1-(5-oxohexyl)-7-propylpurine-2,6-dione"
DB00777,CCC(=O)C1=CC2=C(C=C1)SC3=CC=CC=C3N2CC(C)N(C)C,C20H24N2OS,340.5,1-[10-[2-(dimethylamino)propyl]phenothiazin-2-yl]propan-1-one
DB12278,CCCOC(C1=CC=CC=C1)(C2=CC=CC=C2)C(=O)OC3CCN(CC3)C,C23H29NO3,367.5,"(1-methylpiperidin-4-yl) 2,2-diphenyl-2-propoxyacetate"
DB00818,CC(C)C1=C(C(=CC=C1)C(C)C)O,C12H18O,178.27,"2,6-di(propan-2-yl)phenol"
DB00571,CC(C)NCC(COC1=CC=CC2=CC=CC=C21)O,C16H21NO2,259.34,1-naphthalen-1-yloxy-3-(propan-2-ylamino)propan-2-ol
DB06814,CC(CC1=CC2=C(C=C1)OCO2)NCC(C3=CC(=C(C=C3)O)O)O,C18H21NO5,331.4,"4-[2-[1-(1,3-benzodioxol-5-yl)propan-2-ylamino]-1-hydroxyethyl]benzene-1,2-diol"
DB00344,CNCCCC1C2=CC=CC=C2C=CC3=CC=CC=C13,C19H21N,263.4,"N-methyl-3-(2-tricyclo[9.4.0.03,8]pentadeca-1(15),3,5,7,9,11,13-heptaenyl)propan-1-amine"
DB13449,CC(CN1C=NC2=C1C(=O)N(C(=O)N2C)C)O,C10H14N4O3,238.24,"7-(2-hydroxypropyl)-1,3-dimethylpurine-2,6-dione"
DB00545,C[N+]1=CC=CC(=C1)OC(=O)N(C)C,C9H13N2O2+,181.21,"(1-methylpyridin-1-ium-3-yl) N,N-dimethylcarbamate"
DB06691,CN(C)CCN(CC1=CC=C(C=C1)OC)C2=CC=CC=N2,C17H23N3O,285.4,"N'-[(4-methoxyphenyl)methyl]-N,N-dimethyl-N'-pyridin-2-ylethane-1,2-diamine"
DB01224,C1CN(CCN1CCOCCO)C2=NC3=CC=CC=C3SC4=CC=CC=C42,C21H25N3O2S,383.5,"2-[2-(4-benzo[b][1,4]benzothiazepin-6-ylpiperazin-1-yl)ethoxy]ethanol"
DB00734,CC1=C(C(=O)N2CCCCC2=N1)CCN3CCC(CC3)C4=NOC5=C4C=CC(=C5)F,C23H27FN4O2,410.5,"3-[2-[4-(6-fluoro-1,2-benzoxazol-3-yl)piperidin-1-yl]ethyl]-2-methyl-6,7,8,9-tetrahydropyrido[1,2-a]pyrimidin-4-one"
DB12693,CC1=C(C(=O)N2C=CSC2=N1)CCN3CCC(=C(C4=CC=C(C=C4)F)C5=CC=C(C=C5)F)CC3,C27H25F2N3OS,477.6,"6-[2-[4-[bis(4-fluorophenyl)methylidene]piperidin-1-yl]ethyl]-7-methyl-[1,3]thiazolo[3,2-a]pyrimidin-5-one"
DB00953,CN(C)CCC1=CNC2=C1C=C(C=C2)CN3C=NC=N3,C15H19N5,269.34,"N,N-dimethyl-2-[5-(1,2,4-triazol-1-ylmethyl)-1H-indol-3-yl]ethanamine"
DB00533,CS(=O)(=O)C1=CC=C(C=C1)C2=C(C(=O)OC2)C3=CC=CC=C3,C17H14O4S,314.4,3-(4-methylsulfonylphenyl)-4-phenyl-2H-furan-5-one
DB00268,CCCN(CCC)CCC1=C2CC(=O)NC2=CC=C1,C16H24N2O,260.37,"4-[2-(dipropylamino)ethyl]-1,3-dihydroindol-2-one"
DB08797,C1=CC=C(C(=C1)C(=O)N)O,C7H7NO2,137.14,2-hydroxybenzamide
DB00938,C1=CC=C(C=C1)CCCCOCCCCCCNCC(C2=CC(=C(C=C2)O)CO)O,C25H37NO4,415.6,2-(hydroxymethyl)-4-[1-hydroxy-2-[6-(4-phenylbutoxy)hexylamino]ethyl]phenol
DB01399,C1=CC=C(C(=C1)C(=O)OC2=CC=CC=C2C(=O)O)O,C14H10O5,258.23,2-(2-hydroxybenzoyl)oxybenzoic acid
DB00418,CCCC(C)C1(C(=O)NC(=O)NC1=O)CC=C,C12H18N2O3,238.28,"5-pentan-2-yl-5-prop-2-enyl-1,3-diazinane-2,4,6-trione"
DB01236,C(OC(C(F)(F)F)C(F)(F)F)F,C4H3F7O,200.05,"1,1,1,3,3,3-hexafluoro-2-(fluoromethoxy)propane"
DB01105,CC(C)CC(C1(CCC1)C2=CC=C(C=C2)Cl)N(C)C,C17H26ClN,279.8,"1-[1-(4-chlorophenyl)cyclobutyl]-N,N,3-trimethylbutan-1-amine"
DB00203,CCCC1=NN(C2=C1N=C(NC2=O)C3=C(C=CC(=C3)S(=O)(=O)N4CCN(CC4)C)OCC)C,C22H30N6O4S,474.6,"5-[2-ethoxy-5-(4-methylpiperazin-1-yl)sulfonylphenyl]-1-methyl-3-propyl-6H-pyrazolo[4,3-d]pyrimidin-7-one"
DB00359,C1=CN=C(N=C1)NS(=O)(=O)C2=CC=C(C=C2)N,C10H10N4O2S,250.28,4-amino-N-pyrimidin-2-ylbenzenesulfonamide
DB13400,C1COCCN1[N+]2=CC(=N)O[N-]2,C6H10N4O2,170.17,3-morpholin-4-yl-1-oxa-3-azonia-2-azanidacyclopent-3-en-5-imine
DB00489,CC(C)NCC(C1=CC=C(C=C1)NS(=O)(=O)C)O,C12H20N2O3S,272.37,N-[4-[1-hydroxy-2-(propan-2-ylamino)ethyl]phenyl]methanesulfonamide
DB00619,CC1=C(C=C(C=C1)NC(=O)C2=CC=C(C=C2)CN3CCN(CC3)C)NC4=NC=CC(=N4)C5=CN=CC=C5,C29H31N7O,493.6,4-[(4-methylpiperazin-1-yl)methyl]-N-[4-methyl-3-[(4-pyridin-3-ylpyrimidin-2-yl)amino]phenyl]benzamide
DB00202,C[N+](C)(C)CCOC(=O)CCC(=O)OCC[N+](C)(C)C,C14H30N2O4+2,290.40,trimethyl-[2-[4-oxo-4-[2-(trimethylazaniumyl)ethoxy]butanoyl]oxyethyl]azanium
DB01015,CC1=CC(=NO1)NS(=O)(=O)C2=CC=C(C=C2)N,C10H11N3O3S,253.28,"4-amino-N-(5-methyl-1,2-oxazol-3-yl)benzenesulfonamide"
DB06729,C1=CC=C(C=C1)N2C(=CC=N2)NS(=O)(=O)C3=CC=C(C=C3)N,C15H14N4O2S,314.4,4-amino-N-(2-phenylpyrazol-3-yl)benzenesulfonamide
DB01138,C1=CC=C(C=C1)N2C(=O)C(C(=O)N2C3=CC=CC=C3)CCS(=O)C4=CC=CC=C4,C23H20N2O3S,404.5,"4-[2-(benzenesulfinyl)ethyl]-1,2-diphenylpyrazolidine-3,5-dione"
DB00263,CC1=C(ON=C1C)NS(=O)(=O)C2=CC=C(C=C2)N,C11H13N3O3S,267.31,"4-amino-N-(3,4-dimethyl-1,2-oxazol-5-yl)benzenesulfonamide"
DB00391,CCN1CCCC1CNC(=O)C2=C(C=CC(=C2)S(=O)(=O)N)OC,C15H23N3O4S,341.4,N-[(1-ethylpyrrolidin-2-yl)methyl]-2-methoxy-5-sulfamoylbenzamide
DB00669,CNS(=O)(=O)CC1=CC2=C(C=C1)NC=C2CCN(C)C,C14H21N3O2S,295.40,1-[3-[2-(dimethylamino)ethyl]-1H-indol-5-yl]-N-methylmethanesulfonamide
DB13232,CCCCC1(C(=O)N(N(C1=O)C2=CC=CC=C2)C3=CC=CC=C3)COC(=O)CCC(=O)O,C24H26N2O6,438.5,"4-[(4-butyl-3,5-dioxo-1,2-diphenylpyrazolidin-4-yl)methoxy]-4-oxobutanoic acid"
DB01162,COC1=C(C=C2C(=C1)C(=NC(=N2)N3CCN(CC3)C(=O)C4CCCO4)N)OC,C19H25N5O4,387.4,"[4-(4-amino-6,7-dimethoxyquinazolin-2-yl)piperazin-1-yl]-(oxolan-2-yl)methanone"
DB00871,CC(C)(C)NCC(C1=CC(=CC(=C1)O)O)O,C12H19NO3,225.28,"5-[2-(tert-butylamino)-1-hydroxyethyl]benzene-1,3-diol"
DB00342,CC(C)(C)C1=CC=C(C=C1)C(CCCN2CCC(CC2)C(C3=CC=CC=C3)(C4=CC=CC=C4)O)O,C32H41NO2,471.7,1-(4-tert-butylphenyl)-4-[4-[hydroxy(diphenyl)methyl]piperidin-1-yl]butan-1-ol
DB06764,C1CC(C2=CC=CC=C2C1)C3=NCCN3,C13H16N2,200.28,"2-(1,2,3,4-tetrahydronaphthalen-1-yl)-4,5-dihydro-1H-imidazole"
DB01041,C1CC(=O)NC(=O)C1N2C(=O)C3=CC=CC=C3C2=O,C13H10N2O4,258.23,"2-(2,6-dioxopiperidin-3-yl)isoindole-1,3-dione"
DB01412,CN1C=NC2=C1C(=O)NC(=O)N2C,C7H8N4O2,180.16,"3,7-dimethylpurine-2,6-dione"
DB11898,C1C(=O)NC(=O)S1,C3H3NO2S,117.13,"1,3-thiazolidine-2,4-dione"
DB00372,CCSC1=CC2=C(C=C1)SC3=CC=CC=C3N2CCCN4CCN(CC4)C,C22H29N3S2,399.6,2-ethylsulfanyl-10-[3-(4-methylpiperazin-1-yl)propyl]phenothiazine
DB00679,CN1CCCCC1CCN2C3=CC=CC=C3SC4=C2C=C(C=C4)SC,C21H26N2S2,370.6,10-[2-(1-methylpiperidin-2-yl)ethyl]-2-methylsulfanylphenothiazine
DB04572,C1CN1P(=S)(N2CC2)N3CC3,C6H12N3PS,189.22,tris(aziridin-1-yl)-sulfanylidene-lambda5-phosphane
DB01600,CC(C1=CC=C(S1)C(=O)C2=CC=CC=C2)C(=O)O,C14H12O3S,260.31,2-(5-benzoylthiophen-2-yl)propanoic acid
DB00208,C1CN(CC2=C1SC=C2)CC3=CC=CC=C3Cl,C14H14ClNS,263.8,"5-[(2-chlorophenyl)methyl]-6,7-dihydro-4H-thieno[3,2-c]pyridine"
DB00911,CCS(=O)(=O)CCN1C(=NC=C1[N+](=O)[O-])C,C8H13N3O4S,247.27,1-(2-ethylsulfonylethyl)-2-methyl-5-nitroimidazole
DB13001,CCOC(=O)C1=C(SC2=C1CCN(C2)CC3=CC=CC=C3)N,C17H20N2O2S,316.4,"ethyl 2-amino-6-benzyl-5,7-dihydro-4H-thieno[2,3-c]pyridine-3-carboxylate"
DB00697,C1CN=C(N1)NC2=C(C=CC3=NSN=C32)Cl,C9H8ClN5S,253.71,"5-chloro-N-(4,5-dihydro-1H-imidazol-2-yl)-2,1,3-benzothiadiazol-4-amine"
DB00839,CC1=CC=C(C=C1)S(=O)(=O)NC(=O)NN2CCCCCC2,C14H21N3O3S,311.40,1-(azepan-1-yl)-3-(4-methylphenyl)sulfonylurea
DB00797,C1CN=C(N1)CC2=CC=CC=C2,C10H12N2,160.22,"2-benzyl-4,5-dihydro-1H-imidazole"
DB01124,CCCCNC(=O)NS(=O)(=O)C1=CC=C(C=C1)C,C12H18N2O3S,270.35,1-butyl-3-(4-methylphenyl)sulfonylurea
DB00500,CC1=CC=C(C=C1)C(=O)C2=CC=C(N2C)CC(=O)O,C15H15NO3,257.28,2-[1-methyl-5-(4-methylbenzoyl)pyrrol-2-yl]acetic acid
DB13064,C1CCC2=C(C1)C=CC=C2NC3=NCCN3,C13H17N3,215.29,"N-(5,6,7,8-tetrahydronaphthalen-1-yl)-4,5-dihydro-1H-imidazol-2-amine"
DB00752,C1C(C1N)C2=CC=CC=C2,C9H11N,133.19,2-phenylcyclopropan-1-amine
DB00656,C1CN(CCN1CCCN2C(=O)N3C=CC=CC3=N2)C4=CC(=CC=C4)Cl,C19H22ClN5O,371.9,"2-[3-[4-(3-chlorophenyl)piperazin-1-yl]propyl]-[1,2,4]triazolo[4,3-a]pyridin-3-one"
DB00755,CC1=C(C(CCC1)(C)C)/C=C/C(=C/C=C/C(=C/C(=O)O)/C)/C,C20H28O2,300.4,"(2E,4E,6E,8E)-3,7-dimethyl-9-(2,6,6-trimethylcyclohexen-1-yl)nona-2,4,6,8-tetraenoic acid"
DB00384,C1=CC=C(C=C1)C2=NC3=C(N=C(N=C3N=C2N)N)N,C12H11N7,253.26,"6-phenylpteridine-2,4,7-triamine"
DB01021,C1=C2C(=CC(=C1Cl)S(=O)(=O)N)S(=O)(=O)NC(N2)C(Cl)Cl,C8H8Cl3N3O4S2,380.7,"6-chloro-3-(dichloromethyl)-1,1-dioxo-3,4-dihydro-2H-1lambda6,2,4-benzothiadiazine-7-sulfonamide"
DB00831,CN1CCN(CC1)CCCN2C3=CC=CC=C3SC4=C2C=C(C=C4)C(F)(F)F,C21H24F3N3S,407.5,10-[3-(4-methylpiperazin-1-yl)propyl]-2-(trifluoromethyl)phenothiazine
DB00508,CN(C)CCCN1C2=CC=CC=C2SC3=C1C=C(C=C3)C(F)(F)F,C18H19F3N2S,352.4,"N,N-dimethyl-3-[2-(trifluoromethyl)phenothiazin-10-yl]propan-1-amine"
DB09089,CCC(COC(=O)C1=CC(=C(C(=C1)OC)OC)OC)(C2=CC=CC=C2)N(C)C,C22H29NO5,387.5,"[2-(dimethylamino)-2-phenylbutyl] 3,4,5-trimethoxybenzoate"
DB01246,CC(CN1C2=CC=CC=C2SC3=CC=CC=C31)CN(C)C,C18H22N2S,298.4,"N,N,2-trimethyl-3-phenothiazin-10-ylpropan-1-amine"
DB00347,CC1(C(=O)N(C(=O)O1)C)C,C6H9NO3,143.14,"3,5,5-trimethyl-1,3-oxazolidine-2,4-dione"
DB00440,COC1=CC(=CC(=C1OC)OC)CC2=CN=C(N=C2N)N,C14H18N4O3,290.32,"5-[(3,4,5-trimethoxyphenyl)methyl]pyrimidine-2,4-diamine"
DB00726,CC(CN1C2=CC=CC=C2CCC3=CC=CC=C31)CN(C)C,C20H26N2,294.4,"3-(5,6-dihydrobenzo[b][1]benzazepin-11-yl)-N,N,2-trimethylpropan-1-amine"
DB00792,CN(C)CCN(CC1=CC=CC=C1)C2=CC=CC=N2,C16H21N3,255.36,"N'-benzyl-N,N-dimethyl-N'-pyridin-2-ylethane-1,2-diamine"
DB00197,CC1=C(C2=C(CCC(O2)(C)COC3=CC=C(C=C3)CC4C(=O)NC(=O)S4)C(=C1O)C)C,C24H27NO5S,441.5,"5-[[4-[(6-hydroxy-2,5,7,8-tetramethyl-3,4-dihydrochromen-2-yl)methoxy]phenyl]methyl]-1,3-thiazolidine-2,4-dione"
DB12248,CC(C)(C)NCC(C1=CC=CC=C1Cl)O,C12H18ClNO,227.73,2-(tert-butylamino)-1-(2-chlorophenyl)ethanol
DB08841,C1=CC(=CC=C1CCN)O,C8H11NO,137.18,4-(2-aminoethyl)phenol
DB00705,CC(C)NC1=C(N=CC=C1)N2CCN(CC2)C(=O)C3=CC4=C(N3)C=CC(=C4)NS(=O)(=O)C,C22H28N6O3S,456.6,N-[2-[4-[3-(propan-2-ylamino)pyridin-2-yl]piperazine-1-carbonyl]-1H-indol-5-yl]methanesulfonamide
DB12661,CN1C(=CC(=O)N(C1=O)C)NCCCN2CCN(CC2)C3=CC=CC=C3OC,C20H29N5O3,387.5,"6-[3-[4-(2-methoxyphenyl)piperazin-1-yl]propylamino]-1,3-dimethylpyrimidine-2,4-dione"
DB00285,CN(C)CC(C1=CC=C(C=C1)OC)C2(CCCCC2)O,C17H27NO2,277.4,1-[2-(dimethylamino)-1-(4-methoxyphenyl)ethyl]cyclohexan-1-ol
DB09185,CCOC1=CC=CC=C1OCC2CNCCO2,C13H19NO3,237.29,2-[(2-ethoxyphenoxy)methyl]morpholine
DB11477,CC1=C(C(=CC=C1)C)NC2=NCCCS2,C12H16N2S,220.34,"N-(2,6-dimethylphenyl)-5,6-dihydro-4H-1,3-thiazin-2-amine"
DB06694,CC1=CC(=CC(=C1CC2=NCCN2)C)C(C)(C)C,C16H24N2,244.37,"2-[(4-tert-butyl-2,6-dimethylphenyl)methyl]-4,5-dihydro-1H-imidazole"
DB06737,CC(C1=CC2=C(C=C1)SC3=CC=CC=C3C(=O)C2)C(=O)O,C17H14O3S,298.4,2-(6-oxo-5H-benzo[b][1]benzothiepin-3-yl)propanoic acid
DB00425,CC1=CC=C(C=C1)C2=C(N3C=C(C=CC3=N2)C)CC(=O)N(C)C,C19H21N3O,307.4,"N,N-dimethyl-2-[6-methyl-2-(4-methylphenyl)imidazo[1,2-a]pyridin-3-yl]acetamide"
DB04828,CC1=C(N(C(=C1)CC(=O)O)C)C(=O)C2=CC=C(C=C2)Cl,C15H14ClNO3,291.73,"2-[5-(4-chlorobenzoyl)-1,4-dimethylpyrrol-2-yl]acetic acid"
DB00909,C1=CC=C2C(=C1)C(=NO2)CS(=O)(=O)N,C8H8N2O3S,212.23,"1,2-benzoxazol-3-ylmethanesulfonamide"
DB01234,C[C@@H]1C[C@H]2[C@@H]3CCC4=CC(=O)C=C[C@@]4([C@]3([C@H](C[C@@]2([C@]1(C(=O)CO)O)C)O)F)C,C22H29FO5,392.5,"(8S,9R,10S,11S,13S,14S,16R,17R)-9-fluoro-11,17-dihydroxy-17-(2-hydroxyacetyl)-10,13,16-trimethyl-6,7,8,11,12,14,15,16-octahydrocyclopenta[a]phenanthren-3-one"
DB04829,CCN(CC)C(=O)[C@H]1CN([C@@H]2CC3=CNC4=CC=CC(=C34)C2=C1)C,C20H25N3O,323.4,"(6aR,9R)-N,N-diethyl-7-methyl-6,6a,8,9-tetrahydro-4H-indolo[4,3-fg]quinoline-9-carboxamide"
DB00206,CO[C@H]1[C@@H](C[C@@H]2CN3CCC4=C([C@H]3C[C@@H]2[C@@H]1C(=O)OC)NC5=C4C=CC(=C5)OC)OC(=O)C6=CC(=C(C(=C6)OC)OC)OC,C33H40N2O9,608.7,"methyl (1R,15S,17R,18R,19S,20S)-6,18-dimethoxy-17-(3,4,5-trimethoxybenzoyl)oxy-1,3,11,12,14,15,16,17,18,19,20,21-dodecahydroyohimban-19-carboxylate"
DB00692,CC1=CC=C(C=C1)N(CC2=NCCN2)C3=CC(=CC=C3)O,C17H19N3O,281.35,"3-[N-(4,5-dihydro-1H-imidazol-2-ylmethyl)-4-methylanilino]phenol"
DB14031,C1CN1C2=NC(=NC(=N2)N3CC3)N4CC4,C9H12N6,204.23,"2,4,6-tris(aziridin-1-yl)-1,3,5-triazine"
DB03604,C1=CC(=C(C=C1OC2=C(C=C(C=C2I)CC(=O)O)I)I)O,C14H9I3O4,621.93,"2-[4-(4-hydroxy-3-iodophenoxy)-3,5-diiodophenyl]acetic acid"
DB00668,CNC[C@@H](C1=CC(=C(C=C1)O)O)O,C9H13NO3,183.20,"4-[(1R)-1-hydroxy-2-(methylamino)ethyl]benzene-1,2-diol"
DB00451,C1=C(C=C(C(=C1I)OC2=CC(=C(C(=C2)I)O)I)I)C[C@@H](C(=O)O)N,C15H11I4NO4,776.87,"(2S)-2-amino-3-[4-(4-hydroxy-3,5-diiodophenoxy)-3,5-diiodophenyl]propanoic acid"
DB01576,C[C@@H](CC1=CC=CC=C1)N,C9H13N,135.21,(2S)-1-phenylpropan-2-amine
DB00411,C[N+](C)(C)CCOC(=O)N,C6H15N2O2+,147.20,2-carbamoyloxyethyl(trimethyl)azanium
DB00421,CC(=O)S[C@@H]1CC2=CC(=O)CC[C@@]2([C@@H]3[C@@H]1[C@@H]4CC[C@]5([C@]4(CC3)C)CCC(=O)O5)C,C24H32O4S,416.6,"S-[(7R,8R,9S,10R,13S,14S,17R)-10,13-dimethyl-3,5'-dioxospiro[2,6,7,8,9,11,12,14,15,16-decahydro-1H-cyclopenta[a]phenanthrene-17,2'-oxolane]-7-yl] ethanethioate"
DB01090,C[N+]1(CCCC1)CCCCC[N+]2(CCCC2)C,C15H32N2+2,240.43,1-methyl-1-[5-(1-methylpyrrolidin-1-ium-1-yl)pentyl]pyrrolidin-1-ium
DB11473,COP(=O)(C(C(Cl)(Cl)Cl)O)OC,C4H8Cl3O4P,257.43,"2,2,2-trichloro-1-dimethoxyphosphorylethanol"
DB00610,C[C@@H]([C@@H](C1=CC(=CC=C1)O)O)N,C9H13NO2,167.20,"3-[(1R,2S)-2-amino-1-hydroxypropyl]phenol"
DB01085,CC[C@H]1[C@H](COC1=O)CC2=CN=CN2C,C11H16N2O2,208.26,"(3S,4R)-3-ethyl-4-[(3-methylimidazol-4-yl)methyl]oxolan-2-one"
DB00279,C1=CC(=C(C=C1OC2=C(C=C(C=C2I)C[C@@H](C(=O)O)N)I)I)O,C15H12I3NO4,650.97,"(2S)-2-amino-3-[4-(4-hydroxy-3-iodophenoxy)-3,5-diiodophenyl]propanoic acid"
DB09250,CC(CC1=CC=CC=C1)NN,C9H14N2,150.22,1-phenylpropan-2-ylhydrazine
DB00677,CC(C)OP(=O)(OC(C)C)F,C6H14FO3P,184.15,2-[fluoro(propan-2-yloxy)phosphoryl]oxypropane
DB00944,CN(CCCCCCCCCCN(C)C(=O)OC1=CC=CC(=C1)[N+](C)(C)C)C(=O)OC2=CC=CC(=C2)[N+](C)(C)C,C32H52N4O4+2,556.8,trimethyl-[3-[methyl-[10-[methyl-[3-(trimethylazaniumyl)phenoxy]carbonylamino]decyl]carbamoyl]oxyphenyl]azanium
DB00541,CC[C@@]1(C[C@H]2C[C@@](C3=C(CCN(C2)C1)C4=CC=CC=C4N3)(C5=C(C=C6C(=C5)[C@]78CCN9[C@H]7[C@@](C=CC9)([C@H]([C@@]([C@@H]8N6C=O)(C(=O)OC)O)OC(=O)C)CC)OC)C(=O)OC)O,C46H56N4O10,825.0,"methyl (1R,9R,10S,11R,12R,19R)-11-acetyloxy-12-ethyl-4-[(13S,15R,17S)-17-ethyl-17-hydroxy-13-methoxycarbonyl-1,11-diazatetracyclo[13.3.1.04,12.05,10]nonadeca-4(12),5,7,9-tetraen-13-yl]-8-formyl-10-hydroxy-5-methoxy-8,16-diazapentacyclo[10.6.1.01,9.02,7.016,19]nonadeca-2,4,6,13-tetraene-10-carboxylate"
DB00981,C[C@@]12CCN([C@@H]1N(C3=C2C=C(C=C3)OC(=O)NC)C)C,C15H21N3O2,275.35,"[(3aR,8bS)-3,4,8b-trimethyl-2,3a-dihydro-1H-pyrrolo[2,3-b]indol-7-yl] N-methylcarbamate"
DB00977,C[C@]12CC[C@H]3[C@H]([C@@H]1CC[C@]2(C#C)O)CCC4=C3C=CC(=C4)O,C20H24O2,296.4,"(8R,9S,13S,14S,17R)-17-ethynyl-13-methyl-7,8,9,11,12,14,15,16-octahydro-6H-cyclopenta[a]phenanthrene-3,17-diol"
DB00396,CC(=O)[C@H]1CC[C@@H]2[C@@]1(CC[C@H]3[C@H]2CCC4=CC(=O)CC[C@]34C)C,C21H30O2,314.5,"(8S,9S,10R,13S,14S,17S)-17-acetyl-10,13-dimethyl-1,2,6,7,8,9,11,12,14,15,16,17-dodecahydrocyclopenta[a]phenanthren-3-one"
DB01199,CN1CCC2=CC(=C3C=C2[C@@H]1CC4=CC=C(C=C4)OC5=C6[C@@H](CC7=CC(=C(C=C7)O)O3)[N+](CCC6=CC(=C5O)OC)(C)C)OC,C37H41N2O6+,609.7,"(1S,16R)-10,25-dimethoxy-15,15,30-trimethyl-7,23-dioxa-30-aza-15-azoniaheptacyclo[22.6.2.23,6.18,12.118,22.027,31.016,34]hexatriaconta-3(36),4,6(35),8(34),9,11,18(33),19,21,24,26,31-dodecaene-9,21-diol"
DB00714,CN1CCC2=C3[C@H]1CC4=C(C3=CC=C2)C(=C(C=C4)O)O,C17H17NO2,267.32,"(6aR)-6-methyl-5,6,6a,7-tetrahydro-4H-dibenzo[de,g]quinoline-10,11-diol"
DB01424,CC1=C(C(=O)N(N1C)C2=CC=CC=C2)N(C)C,C13H17N3O,231.29,"4-(dimethylamino)-1,5-dimethyl-2-phenylpyrazol-3-one"
DB13420,CC(CN1C2=CC=CC=C2SC3=CC=CC=C31)[N+](C)(C)C,C18H23N2S+,299.5,trimethyl(1-phenothiazin-10-ylpropan-2-yl)azanium
DB04844,CC(C)CC1CN2CCC3=CC(=C(C=C3C2CC1=O)OC)OC,C19H27NO3,317.4,"9,10-dimethoxy-3-(2-methylpropyl)-1,3,4,6,7,11b-hexahydrobenzo[a]quinolizin-2-one"
DB00388,CNC[C@@H](C1=CC(=CC=C1)O)O,C9H13NO2,167.20,3-[(1R)-1-hydroxy-2-(methylamino)ethyl]phenol
DB01235,C1=CC(=C(C=C1C[C@@H](C(=O)O)N)O)O,C9H11NO4,197.19,"(2S)-2-amino-3-(3,4-dihydroxyphenyl)propanoic acid"
DB01614,CC(=O)C1=CC2=C(C=C1)SC3=CC=CC=C3N2CCCN(C)C,C19H22N2OS,326.5,1-[10-[3-(dimethylamino)propyl]phenothiazin-2-yl]ethanone
DB00723,CC(C(C1=C(C=CC(=C1)OC)OC)O)N,C11H17NO3,211.26,"2-amino-1-(2,5-dimethoxyphenyl)propan-1-ol"
DB09241,CN(C)C1=CC2=C(C=C1)N=C3C=CC(=[N+](C)C)C=C3S2.[Cl-],C16H18ClN3S,319.9,[7-(dimethylamino)phenothiazin-3-ylidene]-dimethylazanium;chloride
DB00258,CC(=O)[O-].CC(=O)[O-].[Ca+2],C4H6CaO4,158.17,calcium;diacetate
DB00483,CC[N+](CC)(CC)CCOC1=C(C(=CC=C1)OCC[N+](CC)(CC)CC)OCC[N+](CC)(CC)CC.[I-].[I-].[I-],C30H60I3N3O3,891.5,"2-[2,3-bis[2-(triethylazaniumyl)ethoxy]phenoxy]ethyl-triethylazanium;triiodide"
DB09248,CC(C1=CC=CC=C1)NN,C8H12N2,136.19,1-phenylethylhydrazine
DB00415,CC1([C@@H](N2[C@H](S1)[C@@H](C2=O)NC(=O)[C@@H](C3=CC=CC=C3)N)C(=O)O)C,C16H19N3O4S,349.4,"(2S,5R,6R)-6-[[(2R)-2-amino-2-phenylacetyl]amino]-3,3-dimethyl-7-oxo-4-thia-1-azabicyclo[3.2.0]heptane-2-carboxylic acid"
DB00742,C([C@H]([C@H]([C@@H]([C@@H](CO)O)O)O)O)O,C6H14O6,182.17,"(2R,3R,4R,5R)-hexane-1,2,3,4,5,6-hexol"
DB05246,CC1(CC(=O)N(C1=O)C)C2=CC=CC=C2,C12H13NO2,203.24,"1,3-dimethyl-3-phenylpyrrolidine-2,5-dione"
DB13323,C(=C(Cl)Cl)Cl,C2HCl3,131.38,"1,1,2-trichloroethene"
DB04348,C[C@H](CCC(=O)NCCS(=O)(=O)O)[C@H]1CC[C@@H]2[C@@]1([C@H](C[C@H]3[C@H]2[C@@H](C[C@H]4[C@@]3(CC[C@H](C4)O)C)O)O)C,C26H45NO7S,515.7,"2-[[(4R)-4-[(3R,5S,7R,8R,9S,10S,12S,13R,14S,17R)-3,7,12-trihydroxy-10,13-dimethyl-2,3,4,5,6,7,8,9,11,12,14,15,16,17-tetradecahydro-1H-cyclopenta[a]phenanthren-17-yl]pentanoyl]amino]ethanesulfonic acid"
DB11323,C1=CC=C(C(=C1)C(=O)OCCO)O,C9H10O4,182.17,2-hydroxyethyl 2-hydroxybenzoate
DB00883,C1[C@H]([C@@H]2[C@H](O1)[C@H](CO2)O[N+](=O)[O-])O[N+](=O)[O-],C6H8N2O8,236.14,"[(3S,3aS,6R,6aS)-3-nitrooxy-2,3,3a,5,6,6a-hexahydrofuro[3,2-b]furan-6-yl] nitrate"
DB00852,C[C@@H]([C@H](C1=CC=CC=C1)O)NC,C10H15NO,165.23,"(1S,2S)-2-(methylamino)-1-phenylpropan-1-ol"
DB00937,CCN(CC)C(C)C(=O)C1=CC=CC=C1,C13H19NO,205.30,2-(diethylamino)-1-phenylpropan-1-one
DB09203,CNCC(C1=CC=C(C=C1)O)O,C9H13NO2,167.20,4-[1-hydroxy-2-(methylamino)ethyl]phenol
DB06714,CC(CC1CCCCC1)NC,C10H21N,155.28,1-cyclohexyl-N-methylpropan-2-amine
DB00696,C[C@@]1(C(=O)N2[C@H](C(=O)N3CCC[C@H]3[C@@]2(O1)O)CC4=CC=CC=C4)NC(=O)[C@H]5CN([C@@H]6CC7=CNC8=CC=CC(=C78)C6=C5)C,C33H35N5O5,581.7,"(6aR,9R)-N-[(1S,2S,4R,7S)-7-benzyl-2-hydroxy-4-methyl-5,8-dioxo-3-oxa-6,9-diazatricyclo[7.3.0.02,6]dodecan-4-yl]-7-methyl-6,6a,8,9-tetrahydro-4H-indolo[4,3-fg]quinoline-9-carboxamide"
DB00353,CC[C@@H](CO)NC(=O)[C@H]1CN([C@@H]2CC3=CNC4=CC=CC(=C34)C2=C1)C,C20H25N3O2,339.4,"(6aR,9R)-N-[(2S)-1-hydroxybutan-2-yl]-7-methyl-6,6a,8,9-tetrahydro-4H-indolo[4,3-fg]quinoline-9-carboxamide"
DB00914,C1=CC=C(C=C1)CCN=C(N)N=C(N)N,C10H15N5,205.26,1-(diaminomethylidene)-2-(2-phenylethyl)guanidine
DB00849,CCC1(C(=O)NC(=O)N(C1=O)C)C2=CC=CC=C2,C13H14N2O3,246.26,"5-ethyl-1-methyl-5-phenyl-1,3-diazinane-2,4,6-trione"
DB01089,CO[C@H]1[C@@H](C[C@@H]2CN3CCC4=C([C@H]3C[C@@H]2[C@@H]1C(=O)OC)NC5=CC=CC=C45)OC(=O)C6=CC(=C(C(=C6)OC)OC)OC,C32H38N2O8,578.7,"methyl (1R,15S,17R,18R,19S,20S)-18-methoxy-17-(3,4,5-trimethoxybenzoyl)oxy-1,3,11,12,14,15,16,17,18,19,20,21-dodecahydroyohimban-19-carboxylate"
DB01667,C12=NNN=C1N=C(NC2=O)N,C4H4N6O,152.11,"5-amino-2,6-dihydrotriazolo[4,5-d]pyrimidin-7-one"
DB01392,COC(=O)[C@H]1[C@H](CC[C@@H]2[C@@H]1C[C@H]3C4=C(CCN3C2)C5=CC=CC=C5N4)O,C21H26N2O3,354.4,"methyl (1S,15R,18S,19R,20S)-18-hydroxy-1,3,11,12,14,15,16,17,18,19,20,21-dodecahydroyohimban-19-carboxylate"
DB00474,CCC#CC(C)C1(C(=O)NC(=O)N(C1=O)C)CC=C,C14H18N2O3,262.30,"5-hex-3-yn-2-yl-1-methyl-5-prop-2-enyl-1,3-diazinane-2,4,6-trione"
DB11126,C([C@H]([C@H]([C@@H]([C@H](C(=O)[O-])O)O)O)O)O.C([C@H]([C@H]([C@@H]([C@H](C(=O)[O-])O)O)O)O)O.[Ca+2],C12H22CaO14,430.37,"calcium;(2R,3S,4R,5R)-2,3,4,5,6-pentahydroxyhexanoate"
DB01364,C[C@@H]([C@@H](C1=CC=CC=C1)O)NC,C10H15NO,165.23,"(1R,2S)-2-(methylamino)-1-phenylpropan-1-ol"
DB09252,CC(C)(C)C(=O)NNCC1=CC=CC=C1,C12H18N2O,206.28,"N'-benzyl-2,2-dimethylpropanehydrazide"
DB13495,CCOP(=O)(OCC)OC1=CC=C(C=C1)[N+](=O)[O-],C10H14NO6P,275.19,diethyl (4-nitrophenyl) phosphate
DB12930,C1CN(CCN1CCCN2C3=CC=CC=C3C=CC4=CC=CC=C42)CCO,C23H29N3O,363.5,2-[4-(3-benzo[b][1]benzazepin-11-ylpropyl)piperazin-1-yl]ethanol
DB13225,CN1C2=CC=CC=C2C(=O)N(C3=CC=CC=C31)CCN(C)C,C18H21N3O,295.4,"5-[2-(dimethylamino)ethyl]-11-methylbenzo[b][1,4]benzodiazepin-6-one"
DB01622,CN1CCN(CC1)CCCN2C3=CC=CC=C3SC4=C2C=C(C=C4)S(=O)(=O)N(C)C,C22H30N4O2S2,446.6,"N,N-dimethyl-10-[3-(4-methylpiperazin-1-yl)propyl]phenothiazine-2-sulfonamide"
DB01223,CN1C2=C(C(=O)N(C1=O)C)NC=N2.CN1C2=C(C(=O)N(C1=O)C)NC=N2.C(CN)N,C16H24N10O4,420.43,"1,3-dimethyl-7H-purine-2,6-dione;ethane-1,2-diamine"
DB13406,CCCCNC(=O)NS(=O)(=O)C1=CC=C(C=C1)N,C11H17N3O3S,271.34,1-(4-aminophenyl)sulfonyl-3-butylurea
DB01382,COCCOC1=CN=C(N=C1)NS(=O)(=O)C2=CC=CC=C2,C13H15N3O4S,309.34,N-[5-(2-methoxyethoxy)pyrimidin-2-yl]benzenesulfonamide
DB00674,CN1CC[C@@]23C=C[C@@H](C[C@@H]2OC4=C(C=CC(=C34)C1)OC)O,C17H21NO3,287.35,"(1S,12S,14R)-9-methoxy-4-methyl-11-oxa-4-azatetracyclo[8.6.1.01,12.06,17]heptadeca-6(17),7,9,15-tetraen-14-ol"
DB04825,CC(CC1=CC=CC=C1)NCCC(C2=CC=CC=C2)C3=CC=CC=C3,C24H27N,329.5,"3,3-diphenyl-N-(1-phenylpropan-2-yl)propan-1-amine"
DB01556,CC(C)(CC1=CC=C(C=C1)Cl)N,C10H14ClN,183.68,1-(4-chlorophenyl)-2-methylpropan-2-amine
DB01612,CCCCCON=O,C5H11NO2,117.15,pentyl nitrite
DB00647,CCC(=O)O[C@](CC1=CC=CC=C1)(C2=CC=CC=C2)[C@H](C)CN(C)C,C22H29NO2,339.5,"[(2S,3R)-4-(dimethylamino)-3-methyl-1,2-diphenylbutan-2-yl] propanoate"
DB06724,C(=O)([O-])[O-].[Ca+2],CCaO3,100.09,calcium;carbonate
DB13174,C1=CC2=C(C(=C1)O)C(=O)C3=C(C2=O)C=C(C=C3O)C(=O)O,C15H8O6,284.22,"4,5-dihydroxy-9,10-dioxoanthracene-2-carboxylic acid"
DB12945,C1=CC=C2C(=C1)C(=NN=C2NN)NN,C8H10N6,190.21,(4-hydrazinylphthalazin-1-yl)hydrazine
DB00320,C[C@@]1(C(=O)N2[C@H](C(=O)N3CCC[C@H]3[C@@]2(O1)O)CC4=CC=CC=C4)NC(=O)[C@@H]5C[C@H]6[C@@H](CC7=CNC8=CC=CC6=C78)N(C5)C,C33H37N5O5,583.7,"(6aR,9R,10aR)-N-[(1S,2S,4R,7S)-7-benzyl-2-hydroxy-4-methyl-5,8-dioxo-3-oxa-6,9-diazatricyclo[7.3.0.02,6]dodecan-4-yl]-7-methyl-6,6a,8,9,10,10a-hexahydro-4H-indolo[4,3-fg]quinoline-9-carboxamide"
DB14132,CN1C2=C(C(=O)N(C1=O)C)NC(=N2)Cl,C7H7ClN4O2,214.61,"8-chloro-1,3-dimethyl-7H-purine-2,6-dione"
DB01577,C[C@@H](CC1=CC=CC=C1)NC,C10H15N,149.23,(2S)-N-methyl-1-phenylpropan-2-amine
DB13058,CS(=O)(=O)F,CH3FO2S,98.10,methanesulfonyl fluoride
DB13675,CC1=C(C=C(C=C1)S(=O)(=O)NC(=O)NC2CCCCC2)N,C14H21N3O3S,311.40,1-(3-amino-4-methylphenyl)sulfonyl-3-cyclohexylurea
DB13977,C(=O)([O-])[O-].[K+].[K+],CK2O3,138.205,dipotassium;carbonate
DB13800,CC(=O)CCC(=O)[O-].CC(=O)CCC(=O)[O-].[Ca+2],C10H14CaO6,270.29,calcium;4-oxopentanoate
DB14018,CN1C2=C(C(=O)N(C1=O)C)NC(=N2)Br,C7H7BrN4O2,259.06,"8-bromo-1,3-dimethyl-7H-purine-2,6-dione"
DB02123,C[C@H](CCC(=O)NCC(=O)O)[C@H]1CC[C@@H]2[C@@]1(CC[C@H]3[C@H]2[C@@H](C[C@H]4[C@@]3(CC[C@H](C4)O)C)O)C,C26H43NO5,449.6,"2-[[(4R)-4-[(3R,5S,7R,8R,9S,10S,13R,14S,17R)-3,7-dihydroxy-10,13-dimethyl-2,3,4,5,6,7,8,9,11,12,14,15,16,17-tetradecahydro-1H-cyclopenta[a]phenanthren-17-yl]pentanoyl]amino]acetic acid"
DB09084,CN(C)CCCOC1=NN(C2=CC=CC=C21)CC3=CC=CC=C3,C19H23N3O,309.4,"3-(1-benzylindazol-3-yl)oxy-N,N-dimethylpropan-1-amine"
DB00199,CC[C@@H]1[C@@]([C@@H]([C@H](C(=O)[C@@H](C[C@@]([C@@H]([C@H]([C@@H]([C@H](C(=O)O1)C)O[C@H]2C[C@@]([C@H]([C@@H](O2)C)O)(C)OC)C)O[C@H]3[C@@H]([C@H](C[C@H](O3)C)N(C)C)O)(C)O)C)C)O)(C)O,C37H67NO13,733.9,"(3R,4S,5S,6R,7R,9R,11R,12R,13S,14R)-6-[(2S,3R,4S,6R)-4-(dimethylamino)-3-hydroxy-6-methyloxan-2-yl]oxy-14-ethyl-7,12,13-trihydroxy-4-[(2R,4R,5S,6S)-5-hydroxy-4-methoxy-4,6-dimethyloxan-2-yl]oxy-3,5,7,9,11,13-hexamethyl-oxacyclotetradecane-2,10-dione"
DB05804,C[C@]12CC[C@H]3[C@H]([C@@H]1CCC2=O)CC=C4[C@@]3(CC[C@@H](C4)OS(=O)(=O)O)C,C19H28O5S,368.5,"[(3S,8R,9S,10R,13S,14S)-10,13-dimethyl-17-oxo-1,2,3,4,7,8,9,11,12,14,15,16-dodecahydrocyclopenta[a]phenanthren-3-yl] hydrogen sulfate"
DB13213,CCCC(=O)C1=CC2=C(C=C1)SC3=CC=CC=C3N2CCCN4CCN(CC4)C,C24H31N3OS,409.6,1-[10-[3-(4-methylpiperazin-1-yl)propyl]phenothiazin-2-yl]butan-1-one
DB11093,C(C(=O)[O-])C(CC(=O)[O-])(C(=O)[O-])O.C(C(=O)[O-])C(CC(=O)[O-])(C(=O)[O-])O.[Ca+2].[Ca+2].[Ca+2],C12H10Ca3O14,498.4,"tricalcium;2-hydroxypropane-1,2,3-tricarboxylate"
DB13231,CC(C(=O)[O-])O.CC(C(=O)[O-])O.[Ca+2],C6H10CaO6,218.22,calcium;2-hydroxypropanoate
DB00570,CC[C@@]1(C[C@H]2C[C@@](C3=C(CCN(C2)C1)C4=CC=CC=C4N3)(C5=C(C=C6C(=C5)[C@]78CCN9[C@H]7[C@@](C=CC9)([C@H]([C@@]([C@@H]8N6C)(C(=O)OC)O)OC(=O)C)CC)OC)C(=O)OC)O,C46H58N4O9,811.0,"methyl (1R,9R,10S,11R,12R,19R)-11-acetyloxy-12-ethyl-4-[(13S,15R,17S)-17-ethyl-17-hydroxy-13-methoxycarbonyl-1,11-diazatetracyclo[13.3.1.04,12.05,10]nonadeca-4(12),5,7,9-tetraen-13-yl]-10-hydroxy-5-methoxy-8-methyl-8,16-diazapentacyclo[10.6.1.01,9.02,7.016,19]nonadeca-2,4,6,13-tetraene-10-carboxylate"
DB09125,C(C(=O)[O-])C(CC(=O)[O-])(C(=O)[O-])O.[K+].[K+].[K+],C6H5K3O7,306.39,"tripotassium;2-hydroxypropane-1,2,3-tricarboxylate"
